Food_Name,GI,GL,Serving_Size,Carbs_per_Serve,Category
"100% Whole Grain™ bread (Natural Ovens, USA) #",51,,,,15
"25 g Xylitol C (Danisco Sweeteners, UK) #",8,,,,2.5
25 g xylitol #,7,,,,2.5
45% oat bran and 50% wheat flour bread #,51,,,,15
50% oat bran and 50% wheat flour bread #,45,,,,15
"50/50 Feta protein bar, chocolate biscuit with orange flavor, organic (Eatwalk Hellas, Greece) #",5,,,,25
75% cracked wheat kernels #,49,,,,15
"Acacia aneura (mulga seed) roasted, wet ground to paste #",8,,,,35
Acacia honey (provided by German beekeeper association) #,53,,,,5
"Acorns (Quercus emoryi), stewed with venison #",16,,,,35
"Adzuki beans (Vigna angularis var. angularis), pre-soaked at 4o°C for 12 h, steamed for 70 min #",29,,,,15
"Adzuki beans (Vigna angularis var. angularis), pre-soaked at 4°C for 12 h, steamed for 40 min #",21,,,,15
AF-BRAVO fibre powder( prepared with water),19,,,,2.7
AF-FAB fibre powder (prepared with water),27,,,,2.2
AF-RISE fibre powder (prepared with water),20,,,,0.7
AF-WITTY fibre powder (prepared with water),16,,,,2.9
Aged Care Complete Nutritional Milk Powder,26,,,40.0,20.4
All-Bran Fruit 'n Oats™,41,,,,20
All-Bran Soy 'n Fiber™,33,,,,20
"All-Bran™ (Kellogg's Inc., Canada) #",51,,,,20
"All-Bran™ (Kellogg's Inc., South Korea) #",51,,,,20
"All-Bran™ (Kellogg's, Battle Creek, MI, USA) #",38,,,,20
"All-Bran™, high-fiber, extruded wheat bran cereal (Kellogg's Inc., Etobicoke, Canada) #",51,,,,20
Almond Chocolate,24,,,,25
"Apple and blackcurrant juice, no added sugar",45,,,,15
"Apple and cherry juice, pure, unsweetened",43,,,,15
"Apple and mandarin juice, pure, unsweetened",47,,,,15
"Apple and mango juice, pure, unsweetened",47,,,,15
Apple baby food,46,,,,10
Apple baby food #,28,,,,10
Apple baby food #,54,,,,10
Apple baby food #,54,,,,10
"Apple Cinnamon bar, Fruit & Yogurt Apple Cinnamon Chewy Bars (Soy), President's Choice® Blue Menu™",34,,,,25
"Apple juice, Granny Smith, unsweetened",44,,,,15
"Apple juice, pure, clear, unsweetened",44,,,,15
"Apple juice, pure, cloudy, unsweetened",37,,,,15
"Apple juice, unsweetened #",41,,,,20
"Apple juice, unsweetened (Allens, Toronto, Canada) #",42,,,,20
"Apple juice, unsweetened, reconstituted",39,,,,15
"Apple, Braeburn #",32,,,,15
"Apple, dried",29,,,,15
"Apple, Golab, raw #",39,,,,15
"Apple, Golden Delicious #",39,,,,15
"Apple, Green, raw #",41,,,,15
"Apple, NS #",28,,,,15
"Apple, NS #",41,,,,15
"Apple, NS #",34,,,,15
"Apple, NS #",40,,,,15
"Apple, NS #",45,,,,15
"Apple, pear and cinnamon fruit puree, homemade, puree consistency",29,,,,10
"Apple, Pear and Cinnamon fruit puree, Rafferty’s Garden, for ages 4 – 6 months, commercial",44,,,,10
"Apple, pineapple and passionfruit juice, unsweetened",48,,,,15
"Apples, canned in juice",42,,,,15
"Apples, dried (Malus pumila Mill.)",43,,,,15
"Apples, raw",44,,,,15
"Apricot & apple fruit strips, gluten-free",29,,,,25
"Apricot & Yoghurt Healtheries Simple Bar, wheat and gluten-free",40,,,,25
"Apricot 100% Fruit Spread, Cottees™",50,,,,15
"Apricot 100% Pure Fruit spread, no added sugar",43,,,,15
Apricot and Almond bar,34,,,,25
"Apricot fruit spread, reduced sugar",55,,,,15
Apricot Halves canned in fruit juice,51,,,,15
"Apricot Temptation fruit cookies, 97% fat-free",47,,,,20
"Apricots, dried #",30,,,,15
"Apricots, dried (Wasco foods, Montreal, Canada) #",33,,,,15
"Apricots, dried, ready to eat #",31,,,,15
"Apricots, dried, ready to eat, bite size",32,,,,15
"Apricots, NS #",50,,,,15
"Apricots, raw, NS",34,,,,15
"Apricots, raw, NS",42,,,,15
Arabinose Sugar (95% sucrose + 5% L-arabinose),52,,,,5
"Arrowroot (Maranta Arundinaceae) cookies, containing cinnamon (Cinnamomum verum) and porang (Amorphophallus oncophyllus) glucomannan, My Cookies® #",48,,,,20
AU KingCare Golden Age Nutritional Milk powder,21,,,,20.4
"Aussie Bodies Trim Protein Shake, Chocolate flavored",39,,,,20
"Aussie Bodies Trim Protein Shake, French Vanilla flavored",41,,,,20
Avani SA Formula,20,,,,17.4
Baked Beans in Barbecue sauce,47,,,,15
Baked Beans in Cheesy Tomato sauce,44,,,,15
Baked Beans in Ham sauce,53,,,,15
"Baked Beans in Mild Curry sauce (HJ Heinz, Australia) #",49,,,,15
Baked Beans in Sweet Chilli sauce,46,,,,15
Baked Beans in Tomato sauce,40,,,,15
"Baked Beans, canned #",40,,,,15
"Baked Beans, Heinz Vegetarian baked haricot beans (HJ Heinz Company, Dandenong, VIC, Australia) #",40,,,,15
Banana (Musa paradisiaca) #,44,,,,15
"Banana (Musa spp.), anamalu-Gros Michel AAA variety, ripe, raw #",48,,,,15
"Banana (Musa spp.), embul-Mysore AAB variety, ripe, raw #",43,,,,15
"Banana (Musa spp.), Kolikuttu-Silk AAB variety, ripe, raw #",43,,,,15
"Banana (Musa spp.), seeni kesel-Pisang Awak ABB variety, ripe, raw #",49,,,,15
Banana Chapa kola variety (Musa sp.) #,30,,,,15
"Banana, honey and malt flavored milk",31,,,,20
"Banana, lady finger",49,,,,15
"Banana, lady finger",53,,,,15
"Banana, NS #",35,,,,15
"Banana, NS #",41,,,,15
"Banana, NS #",47,,,,15
"Banana, NS #",49,,,,15
"Banana, over-ripe (yellow flecked with brown) #",48,,,,15
"Banana, over-ripe (yellow with 1-2 mm brown spots) #",53,,,,15
"Banana, raw",47,,,,15
"Banana, ripe (all yellow) #",51,,,,15
"Banana, slightly under-ripe (yellow with green sections) #",42,,,,15
"Banana, slightly under-ripe (yellow with green tips) #",41,,,,15
"Banana, under-ripe (yellow with some green skin) #",31,,,,15
Barley #,22,,,,45
"Barley bread, 70% high-amylose barley flour and 30% white wheat flour, baked 20 h at low temperature of 120oC10 #",50,,,,15
"Barley flour porridge, made from milled dehulled barley kernels (flour:water = 1:3) boiled for 2.5 min #",46,,,,20
"Barley flour porridge, made from milled high-amylose (covered) barley kernels (flour:water = 1:3), boiled for 2.5 min #",39,,,,20
"Barley kernel bread, 50% barley kernels and 50% barley flour #",44,,,,15
"Barley kernel bread, 50% kibbled barley and 50% wheat flour #",49,,,,15
"Barley kernels, high-amylose (hull-less) boiled in water for 25 min (kernel:water = 1:2.5) #",21,,,,45
"Barley kernels, waxy (hull-less), boiled in water for 25 min (kernel:water = 1:2.5) #",22,,,,45
"Barley tortilla, made with bran flour (high ß-glucan/low insoluble dietary fiber) and water, frozen and reheated #",23,,,,15
"Barley tortilla, made with bran flour (medium ß-glucan/high insoluble dietary fiber) and water, frozen and reheated #",41,,,,15
"Barley tortilla, made with high-amylose dusted flour fractions (medium ß-glucan/low insoluble dietary fiber) and water, frozen and reheated #",39,,,,15
"Barley tortilla, made with straight-grade barley flour (low ß-glucan/low insoluble dietary fiber) and water, frozen and reheated #",52,,,,15
"Barley Vegetable Instant soup, low-fat, President's Choice® Blue Menu™",41,,,,20
"Barley vegetable soup, containing 40% barley and 60% pigmented vegetables #",36,,,,20
"Barley, CDC Fibar cultivar (two-rowed, hull-less, waxy barley; low amylose, high ß-glucan) whole grain (only the husk was removed), boiled for 25 min",22,,,,45
"Barley, Celebrity cultivar (six-rowed, hulled, normal barley; high amylose, medium ß-glucan), pot pearled (all of the bran and most of the germ removed), boiled for 30 min",22,,,,45
"Barley, Celebrity cultivar (six-rowed, hulled, normal barley; high amylose, medium ß-glucan), whole grain (only the husk was removed), boiled for 25 min",21,,,,45
"Barley, pearled #",23,,,,45
"Bavarian (mousse filling on biscuit base), Chocolate honeycomb, light",31,,,,30
"BBQ Shapes, savory crackers",48,,,,15
"Beans (Vigna unguiculata L. Walp), drum variety, boiled for 2 h17 #",18,,,,15
"Beans (Vigna unguiculata L. Walp), oloyin variety, boiled for 2 h17 #",12,,,,15
"Beans (Vigna unguiculata L. Walp), Sokoto white variety, boiled for 2 h17 #",12,,,,15
"Beans, dried, boiled, NS #",20,,,,15
"Beans, dried, boiled, NS #",37,,,,15
Bebe Dobre Rano Chocolate,46,,,,20
Bebe Dobre Rano Chocolate,46,,,,20
Bebe Dobre Rano Coconut,48,,,,20
Bebe Dobre Rano Four Cereals,51,,,,20
Bebe Dobre Rano Honey and Hazelnuts,51,,,,20
Bebe Dobre Rano Nuts and Honey,41,,,,20
Bebe Dobre Rano Nuts and Honey,45,,,,20
Bebe Dobre Rano with Milk,50,,,,20
"Beef and white beans infant meal, canned, heated in microwave #",34,,,,10
"Bengal gram dhal, chickpea, boiled #",11,,,,15
BenoGold Ready-to-mix Nutrition,54,,,10.0,4.5
"Berry compote, organic",44,,,,15
Bestore Probiotics Daily Nuts,36,,,,5
Better Choice Multicereals,51,,,,20
Better Choice Wholegrain,46,,,,20
"Biobread, made from whole wheat flour, wheat bran, rye flour, soy powder and linseed powder #",50,,,,15
"Bircher Muesli, Carman’s Natural",48,,,,20
"Biscotti, made with 100% whole wheat flour #",45,,,,20
"Biscotti, made with 100% whole yellow pea flour (Best Cooking Pulses Inc, MB, Canada) #",32,,,,20
"Biscuit, Danone, NS",39,,,,20
"Biscuit, Danone, NS",47,,,,20
"Biscuit, made from 100% pigeon pea (Cajanus cajan fabaceae) flour, flavored with ginger #",41,,,,20
"Biscuit, made from 50% pigeon pea (Cajanus cajan fabaceae) flour and 50% wheat flour, flavored with ginger #",51,,,,20
"Biscuit, made from 75% pigeon pea (Cajanus cajan fabaceae) flour and 25% wheat flour, flavored with ginger #",45,,,,20
"Biscuit, plain, containing 12% Pleurotus sajor-caju powder",47,,,,20
"Biscuit, plain, containing 4% Pleurotus sajor-caju powder",52,,,,20
"Biscuit, plain, containing 8% Pleurotus sajor-caju powder",49,,,,20
"Biscuits, containing 9.9 g highly viscous fiber blend (70% glucomannan, 30% xanthan) (Dicofarm Spa, Rome, Italy) #",26,,,,20
"Biscuits, containing 9.9 g highly viscous fiber blend (70% glucomannan, 30% xanthan) (Dicofarm Spa, Rome, Italy) #",18,,,,20
"Biscuits, made with 40% oat flakes and maltitol #",33,,,,20
"Biscuits, made with 40% oat flakes, maltitol and 4% inulin #",46,,,,20
"Biscuits, plain, sweet #",44,,,,20
"Biscuits, plain, sweet, enriched with fiber blend (70% inulin, 20% guar gum, 5% glucomannan and 5% wheat fiber) #",26,,,,20
"Biscuits, rolled oat, wholemeal wheat flour, wheat fibre",49,,,,20
"Biscuits, wheat flour, butter, cream",52,,,,20
"Biscuits, wholegrain, filled with peanut butter",44,,,,20
"Black bean (Phaseolus vulgaris Linn), soaked overnight, cooked 40 min #",20,,,,15
"Black Bean with Vegetables soup, spicy, President's Choice® Blue Menu™",46,,,,20
Black Beans #,31,,,,15
"Black gram, (Phaseolus mungo), soaked 12 h, stored moist 24 h, steamed 1 h #",43,,,,15
"Blackberry 100% Fruit Spread, Cottees™ brand",46,,,,15
"Blackberry Sour Buzz dried fruit leather, Sunripe School Straps",35,,,,25
"Blackeyed beans, boiled in water with 2 g salt #",33,,,,15
"Blackeyed beans/peas (Cowpeas), boiled #",50,,,,15
"Blackeyed peas (Vigna unguiculata), boiled #",52,,,,15
"Blackeyed peas (Vigna unguiculata), boiled, consumed with 4.24 g salt #",38,,,,15
"Blueberries (sour cherry), raw #",28,,,,15
"Blueberries, wild",53,,,,15
"Blueberry jam, organic blueberry, with apple juice",51,,,,15
"Boiled cracked spaghetti (ICA Italia) served with commercially canned meat sauce (Felix Kottfarsas Original, Orkla Foods, Eslov, Sweden), heated in microwave #",27,,,,10
"Bolognese pasta meal (cracked spaghetti with minced meat and vegetables), microwave heat-treated for pasteurization, heated in microwave before consumption #",43,,,,10
"Bran Buds with psyllium (Kellogg's Inc., Canada) #",48,,,,20
"Bran cereal, high fiber",43,,,,20
Branflakes,50,,,,20
Bread made from 30% finger millet (PRM-601) flour and 70% refined wheat flour #,43,,,,15
Bread made from 30% finger millet (VL-146) flour and 70% refined wheat flour16 #,41,,,,15
Bread made from 30% foxtail millet flour and 70% refined wheat flour #,50,,,,15
"Bread stick, Grissini Fibra Activa (with psyllium and oat)",52,,,,15
"Bread, decreased GI variant (sugar-to-flour ratio: 0.0)",40,,,,15
"Bread, fibre-enriched flour (Pan Bauletto Fior di Fibra, Mulino Bianco)",53,,,,15
"Bread, made from 80% wheat flour and 20% jatoba?-do-cerrado (Hymenaea stigonocarpa Mart.) flour #",54,,,,15
"Bread, made from Hi-Maize® wholegrain corn flour (Ingredion, Bridgewater, NJ, USA), white wheat flour and 6% added medium molecular weight guar gum (MEYPRODOR®50, Danisco A/S, Denmark), prepared in an automatic bread machine, frozen and thawed #",42,,,,15
"Bread, made from Hi-Maize® wholegrain corn flour (Ingredion, Bridgewater, NJ, USA), white wheat flour and 9% added medium molecular weight guar gum (MEYPRODOR®50, Danisco A/S, Denmark), prepared in an automatic bread machine, frozen and thawed #",48,,,,15
"Bread, made from wheat flour and freeze-dried okara, a by-product of soy beans (Glycine max L.) #",49,,,,15
"Bread, made from wheat flour with 2.25 g oat ß-glucan incorporated into the test portion (5 g oat ß-glucan/100 g wheat flour), steamed #",53,,,,15
"Bread, rye and whole wheat flours, enriched with 2% oat ß-glucan #",27,,,,15
"Bread, rye made from endosperm rye flour (Lantma?nnen R&D, Ja?rna, Sweden), frozen and thawed #",55,,,,15
"Bread, rye, made from 75% endosperm rye flour (Lantma?nnen R&D, Ja?rna, Sweden) and 25% wheat flour, frozen and thawed #",45,,,,15
"Bread, rye, made from 75% whole grain rye flour (Lantma?nnen R&D, Ja?rna, Sweden) and 25% wheat flour, frozen and thawed #",50,,,,15
"Bread, rye, made from 75% whole grain rye flour (Lantma?nnen R&D, Ja?rna, Sweden), 25% wheat flour and lactic acid (88-92% extra purity, Riedel-de Hae?n, Morris Township, NJ, USA), frozen and thawed #",53,,,,15
"Bread, rye, made from endosperm rye flour (Lantma?nnen R&D, Ja?rna, Sweden) with lactic acid (88-92% extra purity, Riedel-de Hae?n, Morris Township, NJ, USA), frozen and thawed #",45,,,,15
"Bread, rye, made from whole grain rye flour (Lantma?nnen R&D, Ja?rna, Sweden) with lactic acid (88-92% extra purity, Riedel-de Hae?n, Morris Township, NJ, USA), frozen and thawed #",45,,,,15
"Bread, sliced, soft wheat flour, low GI and high fiber (Pane a fette a basso indice glicemico e ad alto contenuto di fibre)",41,,,,15
"Bread, steamed, made from wheat flour and freeze-dried okara, a soy bean by-product (Glycine max L.) #",54,,,,15
"Bread, white wheat, with chromium-enriched yeast #",24,,,,15
"Bread, whole wheat, with chromium-enriched yeast #",44,,,,15
"Bread, wholegrain, made from higher amylose (38%) wheat, with added lactic acid, baked at pumpernikel conditions (20 h, 120oC) #",50,,,,15
"Breadfruit (Artocarpus altilis), peeled, cubed, boiled for 45 min, served with 20 g coconut scrapings #",51,,,,15
"Breadfruit, peeled, boiled 10 min",47,,,,15
"Breakfast biscuit (Frollino), gluten free",37,,,,20
"Breast milk, human, reduced-fat (1.5% fat w/v), pasteurized (Arla Foods, Stockholm, Sweden) #",40,,,,10
"Breast milk, human, unpasteurized",38,,,,10
Brown beans #,38,,,,15
"Brown beans, dried, soaked overnight, cooked in water with 2 g salt, tested in young adults (17-18 y) #",24,,,,15
"Buckwheat bread, 50% dehusked buckwheat groats and 50% white wheat flour #",47,,,,15
"Burn-it™ bars, Chocolate deluxe (Worldwide Sport Nutritional Supplements Inc., Largo, FL, USA) #",29,,,,20
"Burn-it™ bars, Peanut butter (Worldwide Sport Nutritional Supplements Inc., Largo, FL, USA) #",23,,,,20
"Burrito (made from scrambled eggs, tomato, onions, vegetable oil, boiled pinto beans and flour tortilla) consumed with nopales (prickly pear cactus) #",29,,,,35
"Butter beans, boiled in water with 2 g salt #",36,,,,15
"Butter beans, canned, drained, Edgell's™ brand",36,,,,15
"Butter beans, dried, boiled + 10 g sucrose #",31,,,,15
"Butter beans, dried, boiled + 15 g sucrose #",54,,,,15
"Butter beans, dried, boiled + 5 g sucrose #",30,,,,15
"Butter beans, dried, soaked overnight, boiled 50 min #",26,,,,15
"Butter beans, dried, soaked overnight, cooked in water with 2 g salt, tested in young adults (17-18 y) #",28,,,,15
"Butter beans, dried, soaked, cooked 1.25 h #",29,,,,15
"Butternut pumpkin, boiled",51,,,,20
"Butterscotch, 1.9% fat, prepared from commercial mousse mix with water",36,,,,20
"Cake, NS, decreased GI variant, sugar-to-flour ratio: 0.80",20,,,,30
"Cannellini beans, canned, drained, Edgell's™ brand",31,,,,15
"Capilano Premium Honey, blend of eucalypt & floral honeys",51,,,,5
"Carob (ceratonia siliqua L) (Carob House, Brazil), consumed as tablets #",39,,,,25
Carob (Ceratonia siliqua) snack,40,,,,25
"Carrot juice, freshly made",43,,,,15
"Carrot soup, President's Choice® Blue Menu™ Soupreme",35,,,,20
Carrots (Daucas carota) #,23,,,,20
"Carrots, diced, frozen (Talleys Group Ltd)",31,,,,20
"Carrots, peeled, boiled #",33,,,,20
"Carrots, peeled, diced, boiled #",49,,,,20
"Carrots, raw #",16,,,,20
"Carrots, raw, diced #",35,,,,20
"Carrots, raw, ground #",39,,,,20
"Carrots, unpeeled, boiled",32,,,,20
Cashew nut halves #,27,,,,5
Cashew nuts #,25,,,,5
"Cashew nuts, organic, roasted and salted #",25,,,,5
"Cashew nuts, roasted and salted #",27,,,,5
"Cashew nuts, salted",22,,,,5
"Cassava, boiled, with salt #",46,,,,20
"Castanospermum australe (blackbean seed), sliced, soaked 1 wk, pounded and baked #",8,,,,35
"Cereal bar, cranberry flavor",42,,,,20
"Cereal bar, hazelnut flavor",33,,,,20
"Cereal bar, orange flavor",33,,,,20
"Chapatti, baisen #",28,,,,35
"Chapatti, unleavened flatbread, made from whole-wheat flour #",54,,,,15
"Chapatti, unleavened flatbread, made from whole-wheat flour and Barley Balance (Polycell Technologies, MN, USA) containing 2 g high-molecular-weight barley ß-glucan #",54,,,,15
"Chapatti, unleavened flatbread, made from whole-wheat flour and Barley Balance (Polycell Technologies, MN, USA) containing 4 g high-molecular-weight barley ß-glucan #",31,,,,15
"Chapatti, unleavened flatbread, made from whole-wheat flour and Barley Balance (Polycell Technologies, MN, USA) containing 6 g high-molecular-weight barley ß-glucan #",45,,,,15
"Chapatti, unleavened flatbread, made from whole-wheat flour and Barley Balance (Polycell Technologies, MN, USA) containing 8 g high-molecular-weight barley ß-glucan #",29,,,,15
"Cherries, raw #",29,,,,15
"Cherries, raw, sour #",22,,,,15
"Cherries, sour, pitted, canned",41,,,,15
"Chestnuts, baked for 30 min #",54,,,,5
"Chicken & Vegetable with wholegrain pasta, Country Ladle®",43,,,,20
Chicken and mushroom soup #,46,,,,20
"Chickpea flour bread, made from Amethyst-type desi chickpeas (JK International Pty Ltd, Rocklea, Australia) #",55,,,,15
"Chickpea Hommus dip, Chris' Traditional brand",22,,,,15
"Chickpea, dried, soaked overnight, boiled for 40 min #",23,,,,15
Chickpeas,28,,,,15
Chickpeas #,33,,,,15
"Chickpeas (Cicer arietinum Linn), dried, soaked, boiled 35 min #",10,,,,15
"Chickpeas (Cicer arietinum), soaked overnight, boiled, cooled overnight, microwaved #",5,,,,15
"Chickpeas (Cicer arietinum), soaked overnight, boiled, cooled overnight, microwaved #",6,,,,15
"Chickpeas (Garbanzo beans, Bengal gram), canned, drained, Edgell's™ brand",38,,,,15
"Chickpeas, boiled in salted water #",36,,,,15
"Chickpeas, boiled in water with 2 g salt #",36,,,,15
"Chickpeas, brown, Chana dhal, boiled in salted water #",13,,,,15
"Chickpeas, canned in brine (Lancia-Bravo Foods Ltd., Toronto, Canada) #",43,,,,15
"Chickpeas, canned, drained, Edgell",35,,,,15
"Chickpeas, canned, drained, heated in microwave for 90 sec (Giant Chickpeas with Chilies, Al-Daniah, Kuwait)38 #",51,,,,15
"Chickpeas, curry, canned (Canasia Foods Ltd., Scarborough, Canada) #",41,,,,15
"Chickpeas, dried, boiled #",31,,,,15
"Chickpeas, dried, roasted (‘chicknuts’)",39,,,,15
"Chico (Zapota zapotilla coville), raw #",40,,,,15
"Choc Banana flavored drink, Aussie Bodies Start the Day UHT",24,,,,25
"Chocolate candy, sugar free, Dove®",23,,,,25
Chocolate Cherry Almond bar,22,,,,25
"Chocolate chip cookies, containing wheat flour and coconut flour",44,,,,20
"Chocolate chip cookies, containing wheat flour and coconut flour #",51,,,,20
"Chocolate coated chocolate soaked cookie, Galbo Chocolate",37,,,,25
"Chocolate Daydream™ shake, fructose (Revival Soy®)",33,,,,25
"Chocolate Daydream™ shake, sucralose (Revival Soy®, Physicians Pharmaceuticals, Inc, USA) (70 g powder + 500 mL water) #",25,,,,25
"Chocolate flavored drink, Aussie Bodies Start the Day UHT",26,,,,25
"Chocolate Healtheries Simple bar, wheat and gluten free",35,,,,25
Chocolate Kouka Almond,33,,,,25
Chocolate Kouka Cacao 72%,29,,,,25
Chocolate Kouka Cacao 86%,18,,,,25
Chocolate Kouka Macadamia,25,,,,25
"Chocolate Liquid Breakfast, Devondale Fast Start",39,,,,25
Chocolate weight management bar,29,,,,20
Chocolate weight management drink #,23,,,,20
Chocolate weight management drink #,39,,,,20
"Chocolate, 2% fat, prepared from commercial mousse mix with water",31,,,,20
"Chocolate, dark #",35,,,,25
"Chocolate, dark, Dove®",23,,,,25
"Chocolate, lactose-free, weight management drink #",29,,,,20
"Chocolate, milk, Meiji brand",39,,,,25
"Chocolate, milk, plain with sucrose #",34,,,,25
"Chocolate, milk, plain, low-sugar with maltitol #",35,,,,25
"Chocolate, white, Lindt™ Lindor",34,,,,25
"Chocolate, white, Milky Bar®",41,,,,25
"Chocolate, Xpress, soy bean, cereal and legume extract drink with fructose",39,,,,25
Choice grain crackers,49,,,,15
Christ thorn honey #,32,,,,5
Chunky Roast Chicken and Vegetable soup,52,,,,20
Citrus honey #,46,,,,5
Citrus Lemon Protein Bar,31,,,,25
"Citrus, prepared from commercial mousse mix with water",47,,,,20
"Coarse barley kernel bread, 75% barley kernels and 25% barley flour #",28,,,,15
"Coarse barley kernel bread, 80% intact kernels and 20% white wheat flour #",41,,,,15
"Coarse barley kernel bread, 80% scalded intact kernels and 20% white wheat flour #",34,,,,15
"Coarse rye kernel bread, 80% intact kernels and 20% white wheat flour #",41,,,,15
"Coarse wheat kernel bread, 80% intact kernels and 20% white wheat flour #",52,,,,15
Cocoavia™ Crispy Chocolate bar,33,,,,25
Cocoavia™ high flavanol chocolate covered almonds,21,,,,25
"Coconut sugar, organic, Loving Earth™ brand",54,,,,5
"Coffee chocolate flavored milk, Masters® mocha",32,,,,20
"Coffee Liquid Breakfast, Devondale Fast Start",39,,,,25
"Cookie, decreased GI variant (sugar-to-flour ratio: 0.45)",37,,,,20
"Cookie, fiber enriched",42,,,,20
"Corn tortilla, made from white corn, Diego's brand",49,,,,15
"Corn tortilla, made from white corn, gluten-free, Mission®",52,,,,15
"Cornflakes™ (Kellogg's Inc., South Korea) #",52,,,,20
"Cowpea, dried, soaked overnight, boiled for 60 min, served with 20 g coconut scrapings #",39,,,,15
"Cowpeas (Vigna unguiculata L. Walp.), soaked overnight, boiled, cooled overnight, microwaved #",7,,,,15
"Cowpeas (Vigna unguiculata L. Walp.), soaked overnight, boiled, cooled overnight, microwaved #",11,,,,15
Cracker,51,,,,15
"Cranberry & Chia, Uncle Toby’s® Oats Super Blends Protein, prepared with water",52,,,,20
Cranberry juice cocktail,52,,,,15
"Cranberry, Blueberry bar, Fruit & Yogurt Cranberry Blueberry Bars (Soy), President's Choice® Blue Menu™",33,,,,25
"Crispbread, soft wheat flour (54%), rye flour (36%), pumpkin seeds (7.5%) (Spianate croccanti con semi di zucca, Grancereale)",53,,,,15
Crusty malted wheat bread,52,,,,15
"Crystalline short-chain ?-glucan (CSCA) starch, made from waxy maize starch (Ingredion, Bridgewater, NJ, USA), suspended in 298 mL water #",21,,,,45
"Crème fraiche dessert, peach",28,,,,20
"Crème fraiche dessert, raspberry",30,,,,20
"Cultured Multivitamin Milk Fruit Drink, Vitalise",24,,,,20
"Custard apple, raw, flesh only",54,,,,15
"Custard, home made from milk, egg, wheat starch, and sugar #",43,,,,20
"Custard, low-fat, trifle flavored",30,,,,20
"Custard, low-fat, vanilla flavored",29,,,,20
Dairy beverage with flaxseed gum (2.5 g fiber),54,,,,20
"Dark Red Kidney beans, canned in brine, drained, Edgell's™ brand",43,,,,15
"Dark/Swiss rye, Bürgen™ (Tip Top Bakeries, Australia) #",55,,,,15
"Date spread, Divine",29,,,,15
"Dates Syrup, Gurun Emas",54,,,,5
"Dates, Barhi variety, dried and vacuum packed #",50,,,,15
"Dates, Bo ma'an variety",46,,,,15
"Dates, Bo ma'an variety, dried and vacuum packed #",31,,,,15
"Dates, Bo ma'an, Tamer stage (Al Saad Date factory, Al Ain, UAE) #",52,,,,15
"Dates, Dabbas variety",49,,,,15
"Dates, Dabbas, Tamer stage (Al Saad Date factory, Al Ain, UAE) #",50,,,,15
"Dates, Deglet noir variety",52,,,,15
"Dates, Fara'd variety",54,,,,15
"Dates, Fara'd, Tamer stage (Al Saad Date factory, Al Ain, UAE) #",46,,,,15
"Dates, Fardh variety, from A'Dhahira #",48,,,,15
"Dates, Fardh variety, from Al Batinah #",51,,,,15
"Dates, Fardh variety, mean of 3 regions #",52,,,,15
"Dates, H'mira variety",48,,,,15
"Dates, Khalas (Phoenix dactylifera L.)",55,,,,15
"Dates, Khalas (Rutab, soft early ripened) variety",47,,,,15
"Dates, Khalas (Tamer, sun dried stored in traditional Bedu manner) variety",45,,,,15
"Dates, Khalas variet",55,,,,15
"Dates, Khalas variety (Tamer, dark brown commercial) (59.7 g), eaten with full-fat plain yoghurt (125 g) #",29,,,,35
"Dates, Khalas variety, dried and vacuum packed",36,,,,15
"Dates, Khalas variety, from A'Dakhlia #",51,,,,15
"Dates, Khalas variety, from A'Dhahira #",50,,,,15
"Dates, Khalas variety, mean of 3 regions #",52,,,,15
"Dates, Khalas, Tamer stage (Al Saad Date factory, Al Ain, UAE) #",53,,,,15
"Dates, Khsab variety, from A'Dhahira #",52,,,,15
"Dates, Khsab variety, from Al Batinah #",55,,,,15
"Dates, Khsab variety, mean of 3 regions #",55,,,,15
"Dates, Lulu variety",54,,,,15
"Dates, Lulu, Tamer stage (Al Saad Date factory, Al Ain, UAE) #",44,,,,15
"Dates, Medjool cultivar, Tamer stage",55,,,,15
"Dates, Nabtat-seyf cultivar, Tamer stage",54,,,,15
"Dates, Rashodia cultivar, Tamer stage",51,,,,15
"Dates, Ruthana cultivar, Tamer stage",53,,,,15
"Dates, Sabaka cultivar #",55,,,,15
"Dates, Sabaka, Tamer stage #",55,,,,15
"Dates, Sag'ai cultivar, Tamer stage",45,,,,15
"Dates, Shaqra cultivar, Tamer stage",43,,,,15
"Dates, Shishi cultivar, Tamer stage",50,,,,15
"Dates, Sukkary cultivar, Tamer stage",43,,,,15
"Dates, Tinissine variety",44,,,,15
"Dates, Wannanah cultivar, Tamer stage",51,,,,15
"Designer chocolate, sugar-free, reduced carbohydrate (Worldwide Sport Nutritional Supplements Inc., Largo, FL, USA) #",14,,,,20
DGI Low GI Jade Dumpling Skins with Highland Barley & Whole Wheat,39,,,,12.25
Diasip ready-to-drink,34,,,,30
"Diasip, ready-to-drink",33,,,,30
"Diasip, ready-to-drink",28,,,,30
"Diasip®, diabetes-specific enteral formula (Nutricia N.V., Netherlands) #",12,,,,30
"Diason®/Nutrison Diabetes, diabetes-specific enteral formula (Nutricia N.V., Netherlands) #",17,,,,30
"Diben®, diabetes-specific enteral formula (Fresenius Kabi AG, Germany) #",22,,,,30
"Diet Passionfruit yoghurt, Dairy Dream",21,,,,20
"Diet Raspberry yoghurt, Dairy Dream",21,,,,20
"Diet yoghurt, Vaalia™, exotic fruits, sweetened with acesulfame K and Splenda",23,,,,20
"Diet yoghurt, Vaalia™, mango, sweetened with acesulfame K and Splenda",23,,,,20
"Diet yoghurt, Vaalia™, mixed berry, sweetened with acesulfame K and Splenda",25,,,,20
"Diet yoghurt, Vaalia™, strawberry, sweetened with acesulfame K and Splenda",23,,,,20
"Diet yoghurt, Vaalia™, vanilla, sweetened with acesulfame K and Splenda",23,,,,20
Digestives,39,,,,20
"Dumpling, containing meat and shallots",28,,,,50
Durian (Durio zibethinus) #,49,,,,15
Energy bar with 2.0 g Filtered Molasses Concentrate added per 100 g (4.01 g FMC/100 g carbohydrate),40,,,,25
"English Muffin, Whole Grain Multigrain, President's Choice® Blue Menu™",45,,,,15
ExtendBar™ Apple Cinnamon Delight bar,33,,,,25
ExtendBar™ Chocolate Delight bar,41,,,,25
ExtendBar™ Peanut Delight bar,32,,,,25
Extruded snack made from buckwheat flour and 80% Jerusalem artichoke powder #,40,,,,25
F1 Protein Drink Mix Hojicha,21,,,,9.5
"Fat-Free Natural yoghurt (Jalna Dairy Foods, Australia) #",19,,,,10
"Fat-free, Passionfruit yoghurt",27,,,,20
"Fermented cow's milk (filmjölk, 3% fat) (Skånemejerier, Malmö, Sweden) #",11,,,,10
"Fermented cow's milk (ropy milk, långfil, 3% fat) (Arla, Gävle, Sweden) #",11,,,,10
"Fibre-Rich Muesli, Vogel's Café Style",48,,,,20
"Figs, dried, no added, sugar, organic, Turkish",54,,,,15
Fior di Latte (Mulino Bianco),47,,,,20
"FitJoy™ Protein bar, containing whey protein and isomaltooligosaccharides (Nutrabolt, TX, USA) #",34,,,,25
"Flavored milk pudding, chocolate (Danette al cioccolato)",51,,,,20
"Flavored milk pudding, chocolate, made from powder and whole milk, instant",47,,,,20
"Flavored milk pudding, vanilla, made from powder and whole milk, instant",40,,,,20
"Flavored milk, chocolate or mocha, Masters® Light, 99% fat free",27,,,,20
"Flavored milk, chocolate or strawberry, Big M™",37,,,,20
"Flavored milk, chocolate or strawberry, Masters®, reduced fat",35,,,,20
"Flavored milk, Rush® Heavenly Vanilla Malt milk",31,,,,20
"Flavored milk, Rush® Intense Coffee milk",24,,,,20
"Flavored milk, Rush® Ultimate Chocolate milk",26,,,,20
"Flavored milk, Rush® Wicked Latte milk",26,,,,20
"Flaxseed Tortilla chips, Spicy, President's Choice® Blue Menu™",34,,,,25
"FooFoo corn (Zea mays), consumed with cabbage (Brassica oleracea) #",23,,,,35
"FooFoo corn (Zea mays), consumed with ndolè (Vernonia amygdalima) #",20,,,,35
"FooFoo corn (Zea mays), consumed with nkui (Triumpheta pentandra) #",5,,,,35
"FooFoo corn (Zea mays), consumed with okra (Abelmoschus esculentus) sauce #",23,,,,35
"FooFoo corn (Zea mays), consumed with pistachio (Pistacia vera) sauce #",12,,,,35
"FooFoo corn (Zea mays), consumed with yellow sauce (Elaeis guinensis) #",13,,,,35
Formula 1 Healthy Meal Nutritional Shake Mix: Caramel Apple,15,,,,20
Formula 1 Healthy Meal Nutritional Shake Mix: Cookies and Cream (1 serve) + Protein Drink Mix: Vanilla (1/2 serve) + Prolessa Duo (1 serve),29,,,,20
Formula 1 Healthy Meal Nutritional Shake Mix: Doce de leite,22,,,,20
Formula 1 Healthy Meal Nutritional Shake Mix: Pralines & Cream,15,,,,20
Formula 1 Healthy Meal Nutritional Shake Mix: Cookies and Cream (1 serve) + Protein Drink Mix: Vanilla (1 serve) + Prolessa Duo (1 serve),29,,,,20
Formula 1 Healthy Meal Nutritional Shake Mix: French Vanilla (1 serve) + Protein Drink Mix: Vanilla (1 serve) + Prolessa Duo (1 serve),29,,,,20
Formula 1 Healthy Meal Nutritional Shake Mix: French Vanilla (1 serve) + Protein Drink Mix: Vanilla (1/2 serve) + Prolessa Duo (1 serve),32,,,,20
"Formula 1 Nutritional Shake Mix: Berry, prepared with water",21,,,,20
"Formula 1 Nutritional Shake Mix: Cookies n’ Cream, prepared with water",15,,,,20
"Formula 1 Nutritional Shake Mix: Dutch Chocolate, prepared with water",19,,,,20
"Formula 1 Nutritional Shake Mix: French Vanilla, prepared with water",20,,,,20
"Formulated Milk powder for Middle-Aged Adults, Probilove, prepared with water",32,,,,25
"Fortimel® enteral formula (Nutricia N.V., Netherlands) #",25,,,,30
"Four bean mix, canned, drained, Edgell's™ brand",37,,,,15
"Freekeh, Lentils & Beans Superblend Fibre, dried, cooked in boiling water for 15 min",29,,,,15
"French Fries, deep-fried in oil for 10 min #",42,,,,20
"Fried plantain (Musa paradisiaca) and beans (Phaseolus vulgaris), cooked for 60 min meal #",24,,,,35
"Fromage Frais, red fruit: blackcurrant",22,,,,20
"Fromage Frais, red fruit: raspberry",31,,,,20
"Fromage Frais, red fruit: red cherry",25,,,,20
"Fromage Frais, red fruit: strawberry",29,,,,20
"Fromage Frais, yellow fruit: mandarin and orange",19,,,,20
"Fromage Frais, yellow fruit: mango and papaya (Healthy Living, UK) #",25,,,,20
"Fromage Frais, yellow fruit: passionfruit and pineapple (Healthy Living, UK) #",18,,,,20
"Fromage Frais, yellow fruit: peach and apricot (Healthy Living, UK) #",22,,,,20
"Fruche® on Fruit, low-fat, toffee apple",47,,,,20
"Fruche®, low-fat, apricot vanilla honey",34,,,,20
"Fruche®, low-fat, berry compote",37,,,,20
"Fruche®, low-fat, duet peach on pineapple",34,,,,20
"Fruche®, low-fat, lemon sorbetto",34,,,,20
"Fruche®, low-fat, orange sorbetto",34,,,,20
"Fruche®, low-fat, peach roulade",37,,,,20
Fructose,23,,,,5
Fructose #,20,,,,5
Fructose #,21,,,,5
"Fructose (Sigma Chemical Company, St. Louis, MO, USA) #",24,,,,5
"Fructose (Sweeten Less, Canada) #",12,,,,5
"Fructose (Sweeten Less, Maximum Nutrition Inc., Toronto, Canada) #",11,,,,5
Fructose from corn,25,,,,5
"Fructose, 25 g portion, fed with 37.7 g oats40 #",25,,,,5
"Fruit & Muesli, Bürgen®",51,,,,20
"Fruit & Nut Muesli, Carman’s Classic",50,,,,20
Fruit & Vegetable cereal powder A,35,,,,20
"Fruit & Vegetable cereal powder B (The Fast Diet A, Ebany Biomedical Technology, Beijing, China)",47,,,,20
"Fruit and Muesli bread, Bürgen®",53,,,,15
Fruit and nut mix,15,,,,25
Fruit and Nuts Superfoods bar,40,,,,25
"Fruit and Spice Loaf, thick sliced",54,,,,15
"Fruit Free Muesli, Carman’s Original",45,,,,20
"Fruit loaf, Bürgen®",44,,,,15
"Fruit loaf, Continental, wheat bread with dried fruit #",47,,,,15
"Fruit Muesli, containing wheat germ, rolled oats, apple juice, pear, and orange juice, homemade, porridge with lumps consistency",38,,,,10
"Fruit Salad canned in fruit juice, containing peach, pear, apricot, pineapple and cherries",54,,,,15
Fruit Up sweetener syrup,39,,,,5
"Fruity-Bix™ bar, wild berry, wheat biscuit cereal and dried fruit covered with yoghurt coating",51,,,,20
"Full-fat (3% fat, Skånemejerier, Malmö, Sweden) #",21,,,,10
Full-fat milk #,11,,,,10
Full-fat milk #,24,,,,10
Full-fat milk #,34,,,,10
Full-fat milk #,41,,,,10
"Full-fat milk (Dairy Farmers Ltd, Sydney, Australia) #",31,,,,10
"Full-fat milk, NS, tested in young adults (17-18 y) #",3,,,,10
"Full-fat, milk",30,,,,10
"Full-fat, pasteurized, fresh, organic milk",34,,,,10
"Full-fat, standardized, homogenized, pasteurized, British",46,,,,10
"Ga kenkey, prepared from fermented cornmeal (Zea mays) eaten with fish, tomato and onion sauce #",12,,,,35
"Gelati, sucrose-free frozen dessert, chocolate flavor",37,,,,20
"Gelati, sucrose-free frozen dessert, vanilla flavor",39,,,,20
Gemme Integrali (Mulino Bianco),46,,,,20
"Gen-Premium clinical nutrition formula powder (Thai Otsuka Pharmaceutical Co. Ltd.), dissolved in 400 mL water #",27,,,,30
GI Pasta,38,,,,20
"Ginger marmalade, Original",50,,,,15
"Ginger Spread, sucrose-free",10,,,,15
"Ginger, candied, sucrose-free",10,,,,25
Glucare Gold Ready-to-drink Nutrition,12,,,,18
Glucerna Chocolate Graham nutritional supplement bar,20,,,,30
"Glucerna Nutritional Drink, Vanilla Flavor",23,,,,30
"Glucerna Select, enteral nutritional supplement",16,,,,30
"Glucerna SR, diabetes-specific enteral formula",23,,,,30
"Glucerna SR®, diabetes-specific enteral formula (Abbott Laboratories Inc, USA) #",23,,,,30
"Glucerna, diabetes-specific enteral formula",15,,,,30
"Glucerna, diabetes-specific enteral formula (Abbott Laboratories Inc, USA) #",15,,,,30
"Glucerna™ enteral nutritional supplement, vanilla flavor (Ross Nutrition, Canada) #",26,,,,30
"Glucerna™, vanilla (Abbott Laboratories Inc., USA)",31,,,,30
"Glucerna™, vanilla flavor",19,,,,30
"Glucerna™, vanilla flavor",20,,,,30
Glucose Support 1.2 Vanilla,18,,,,30
Gluten-free bread with 12% inulin-type fructans (rice flour and potato starch) #,48,,,,15
"Goat Milk Drink, Symbiotics Low GI, powder prepared with water",25,,,,25
Golden Flaxseed biscuits,36,,,,20
Goodness Superfoods Fibre Boost Sprinkles,34,,,,20
Grain cracker,25,,,,15
"Gram dhal, dried, soaked overnight, cooked water with 2 g salt, tested in young adults (17-18 y) #",5,,,,15
Gran Cereale Cioccolato (Grancereale),52,,,,20
Gran Cereale Classico (Grancereale),49,,,,20
Gran Cereale Frutta (Grancereale),51,,,,20
"Gran'Dia Banana, Oats and Honey",28,,,,20
Gran'Dia Chocolate with five cereals,39,,,,20
"Granola bar, containing wheat flour and coconut flour #",51,,,,20
"Granola, whole-grain oat protein",51,,,,20
Grany en-cas Fruits des bois,50,,,,20
Grape Nectar,52,,,,15
"Grapefruit juice, unsweetened (Sunpac, Toronto, Canada) #",49,,,,20
"Grapefruit, raw #",26,,,,15
"Grapefruit, ruby red segments, canned in juice",47,,,,15
"Grapes, Crimson seedless",50,,,,15
"Grapes, Golden no-seed, raw #",48,,,,15
"Grapes, green, Menidee, seedless",54,,,,15
"Grapes, NS #",43,,,,15
"Grapes, NS #",49,,,,15
"Grapes, NS #",49,,,,15
"Grapes, NS #",50,,,,15
"Greek Style yoghurt, Premium blend (Jalna Dairy Foods, Australia) #",12,,,,10
"Green banana flour, consumed suspended in 250 mL water #",15,,,,45
"Green banana, boiled #",38,,,,20
"Green banana, peeled, boiled 10 min",37,,,,20
"Green banana, peeled, fried in vegetable oil",35,,,,20
"Green gram (Phaseolus aureus), soaked 12 h, stored moist 24 h, steamed 1 h #",38,,,,15
"Green peas (Pisum sativum L.), soaked overnight, boiled, cooled overnight, microwaved #",9,,,,15
"Green peas (Pisum sativum L.), soaked overnight, boiled, cooled overnight, microwaved #",9,,,,15
"Green plantain (Musa paradisiaca), peeled, boiled 10 min",39,,,,20
"Green plantain (Musa paradisiaca), peeled, fried in vegetable oil",40,,,,20
Ground beef served with rice and an orange #,22,,,,35
"Growing up beverage powder, product 2",55,,,,10
"Growing up beverage powder, product 3",23,,,,10
"Growing up beverage powder, product 4",51,,,,10
"Growing up beverage powder, product 5",54,,,,10
"Growing up beverage powder, product 6",43,,,,10
"Gruel (wholemeal wheat, rye, rice, wheat and oat flour) (Semper Foods AB, Sweden), made with whole milk and water #",48,,,,10
Guardian™,37,,,,20
Guardian™,43,,,,20
"Guava (Psidium guajava), raw #",54,,,,15
"Guava, raw #",31,,,,15
"Guava, raw #",33,,,,15
"Guava, raw, cut into bite size pieces",29,,,,15
"Guava, raw, cut into bite size pieces #",31,,,,15
"Guava, raw, puree",47,,,,15
"Guava, raw, puree #",49,,,,15
Györi Édes Jó reggelt! Müzlivel és gyümölccsel / Fruits and Muesli,45,,,,20
Györi Édes Jó reggelt! Müzlivel és gyümölccsel / Fruits and Muesli,49,,,,20
Györi Édes Jó reggelt! Müzlivel és gyümölccsel / Fruits and Muesli,47,,,,20
"Haricot beans, home-cooked, soaked overnight, boiled 1h in water, baked in tomato sauce 2 h (HJ Heinz, Australia) #",23,,,,15
"Haricot/Navy beans (King Grains, Canada) #",40,,,,15
"Haricot/Navy beans, boiled in water with 2 g salt #",31,,,,15
"Haricot/Navy beans, dried, boiled #",31,,,,15
"Haricot/Navy beans, pressure cooked at 15 psi for 25 min (King Grains, Toronto, Canada) #",29,,,,15
Hazelnut & Apricot bar,42,,,,20
"Hazelnut, 2.4% fat, prepared from commercial mousse mix with water",36,,,,20
HDI Clover Honey with Bee Pollen,53,,,,5
"Hearty 7 Grain bread, Healthy Choice™",55,,,,15
Heather honey (provided by German beekeeper association) #,53,,,,5
Herbalife24 Achieve Protein Bar: Chocolate Chip Cookie Dough,42,,,,20
Herbalife24 Achieve Protein Bar: Dark Chocolate Brownie,49,,,,20
Herman Brot Chocolate Protein Muesli,35,,,,20
Herman Brot Complete Protein Bread,39,,,,15
Herman Brot Complete Protein Buns,38,,,,6
Herman Brot HermanBurger Protein Bun,31,,,,15
"Herman Brot Low Carb Muffin, Blueberry",13,,,,30
Herman Brot Lower Carb Bread,24,,,,15
"Herman Brot Lower Carb Pasta, boiled in water for 7 min",22,,,,40
Herman Brot Peanut Candy Protein Muesli,30,,,,20
Herman Brot Protein Cheese Cracker,22,,,,15
Herman Brot Protein Mediterranean Cracker,31,,,,15
Herman Brot Protein Natural Cracker,24,,,,15
Herman Brot Protein Olive Cracker,29,,,,15
Herman Brot Protein Spice Cracker,26,,,,15
Herman Brot Protein Wraps,27,,,,15
Herman Brot Protein Zatar Cracker,27,,,,15
Herman Brot Red Fruits Protein Muesli,32,,,,20
High Fibre High Protein Noodle (made from HFP Noodle Mix),43,,,,
High fructose corn syrup with 3.3 g Filtered Molasses Concentrate added per 100 g (4.16 g FMC/100 g carbohydrate),50,,,,5
"High protein, high fiber nutritional supplement (flavor 1) mixed in water",27,,,,30
High-calcium cracker,52,,,,15
High-fiber cereal,52,,,,20
Highland Barley Oats Biscuit,48,,,,20
"Honey & Oats bread, Vogel's (Stevns & Co, Sydney, Australia) #",55,,,,15
"Honey, Linden (heated) (provided by German beekeeper association) #",49,,,,5
"Honey, sweet chestnut (provided by German beekeeper association) #",53,,,,5
"Horse gram, (Dolichos biflorus) soaked 12 h, stored moist 24 h, steamed 1 h #",51,,,,15
"Hot cereal, Sustagrain, apple & cinnamon",37,,,,20
"Hot cereal, Sustagrain, unflavored",25,,,,20
Hummus (chickpea salad dip) #,6,,,,15
Hummus (chickpea salad dip) #,6,,,,35
"Hummus (Sabra Classic Hummus; Sabra Dipping Co., S. Chesterfield, VA)",15,,,,15
"Ice cream, low carbohydrate, chocolate #",32,,,,20
"Ice cream, low carbohydrate, vanilla #",7,,,,20
"Ice cream, low fat (Light™ Peters, Nestle Australia) #",50,,,,20
"Ice cream, low-fat, Blueberry Pomegranate flavor",32,,,,20
"Ice cream, low-fat, Bulla Light Creamy vanilla",36,,,,20
"Ice cream, low-fat, Bulla Light Real Dairy chocolate",27,,,,20
"Ice cream, low-fat, Bulla Light Real Dairy English Toffee",27,,,,20
"Ice cream, low-fat, Bulla Light Real Dairy Mango",30,,,,20
"Ice cream, low-fat, Chocolate Toffee flavor",25,,,,20
"Ice cream, low-fat, Coconut flavor",39,,,,20
"Ice cream, low-fat, Dutch Chocolate flavor",34,,,,20
"Ice cream, low-fat, Mint Chip flavor",34,,,,20
"Ice cream, low-fat, Mocha flavor",37,,,,20
"Ice cream, low-fat, Vanilla Bean flavor",39,,,,20
"Ice cream, low-fat, vanilla, 'Light'",46,,,,20
"Ice cream, NS #",36,,,,20
"Ice cream, premium, French vanilla, 16% fat",38,,,,20
"Ice cream, premium, Ultra chocolate, 15% fat",37,,,,20
"Ice-cream, , low-fat chocolate flavored Chocollo™, eaten with a plain cone",44,,,,20
"Ice-cream, low-fat chocolate flavored, Chocollo™",24,,,,20
"Ice-cream, low-fat, 1.4% fat, Light Prestige traditional toffee",37,,,,20
"Ice-cream, low-fat,1.2% fat, Light Prestige rich vanilla",47,,,,20
"Ice-cream, reduced-fat, 7.1% fat, Prestige golden macadamia",37,,,,20
"Iced lemon tea, decaffeinated, lemon juice powder 0.2% (7% fructose)",38,,,,25
"Infasoy™, soy-based, milk-free",55,,,,10
Inslow™,25,,,,30
"InZone™ nutritious beverage powder, prepared with water (Indevex AB, Sweden) #",28,,,,20
Iron Bark honey (34% fructose),48,,,,5
"Ironman PR bar®, chocolate (PR Nutrition, San Diego, CA, USA) #",39,,,,25
"Isomalt (Sudzucker AG, Mannheim, Germany) #",2,,,,2.5
"Isomaltulose (Cargill, Belgium) #",45,,,,5
"Isomaltulose, Palatinose™ (Sudzucker AG, Mannheim, Germany) #",32,,,,5
"Isowhey Complete Double Chocolate meal replacement beverage powder, prepared with water",23,,,,20
"Isowhey Complete French Vanilla meal replacement beverage powder, prepared with water",30,,,,20
"Isowhey Complete Strawberries & Cream meal replacement beverage powder, prepared with water",30,,,,20
Jarrah Platinum Honey,46,,,15.0,11
"Jatz™, plain salted cracker biscuits (Arnotts, Australia) #",55,,,,15
Jo Reggelt Fruits and Figs,41,,,,20
Jubilee Nuts and Honey,44,,,,20
Jubilee Nuts and Honey,45,,,,20
"Juice Plus+® Complete meal replacement powder, Dutch chocolate flavor",35,,,,20
"Juice Plus+® Complete meal replacement powder, French vanilla flavor",32,,,,20
"Jujubes, dried (Ziziphus jujubu Mill.)",55,,,,15
Jyväshyvä Paussi Mysli and Fruits,45,,,,20
Jyväshyvä Paussi Mysli and Fruits,49,,,,20
Jyväshyvä Paussi Mysli and Fruits,47,,,,20
Jyväshyvä Paussi Vanilla,39,,,,20
Jyväshyvä Paussi Wholegrain,46,,,,20
"Karicare Follow On Follow-on formula, containing 86% lactose, 14% maltodextrins",37,,,,10
"Karicare from Birth Infant formula, containing 83% lactose, 17% maltodextrins",30,,,,10
Karicare™ gold starter formula with omega plus LCP oils,35,,,,10
"Kefir, low-fat, plain",36,,,,20
"Kefir, orange flavor",48,,,,20
Kellogg‘s® Nutri-Grain Breakfast Fuel,38,,,,25
Kellogg’s® Coco Pops Chocolatey Liquid Breakfast,35,,,,25
Kidney beans #,47,,,,15
"Kidney beans (Phaseolus vulgaris L.), autoclaved #",35,,,,15
"Kidney beans (Phaseolus vulgaris L.), red, soaked 20 min, boiled 70 min #",26,,,,15
"Kidney beans (Phaseolus vulgaris L.), soaked overnight, boiled, cooled overnight, microwaved #",9,,,,15
"Kidney beans (Phaseolus vulgaris L.), soaked overnight, boiled, cooled overnight, microwaved #",13,,,,15
"Kidney beans, boiled 2 min, soaked 60 min, simmered 60 min, reheated in microwave #",23,,,,15
"Kidney beans, boiled in salted water #",32,,,,15
"Kidney beans, boiled in water with 2 g salt #",29,,,,15
"Kidney beans, canned (Lancia-Bravo Foods Ltd., Canada) #",53,,,,15
"Kidney beans, dried, boiled #",23,,,,15
"Kidney beans, dried, boiled #",43,,,,15
"Kidney/white bean (Phaseolus vulgaris Linn), soaked, boiled 17 min #",14,,,,15
"Kingston, butternut cookies with chocolate filling",48,,,,20
"Kiwi fruit, Hayward #",47,,,,15
"Kiwifruit, Golden, raw #",47,,,,15
"Kiwifruit, Golden, raw #",47,,,,15
Komplete™,48,,,,20
"L.E.A.N (Life long) Nutribar™, Chocolate Crunch",32,,,,20
"L.E.A.N (Life long) Nutribar™, Peanut Crunch",30,,,,20
"L.E.A.N Fibergy™ bar, Harvest Oat",45,,,,20
"Lacritose, mixture containing 54.13% erythritol, 27.4% lactose, 12.9% fructose, and 5.57% sucrose #",11,,,,2.5
"Lacritose, mixture containing 54.13% erythritol, 27.4% lactose, 12.9% fructose, and 5.57% sucrose #",18,,,,2.5
Lactitol #,-1,,,,2.5
"Lactitol MC (Danisco sweeteners, Surrey, UK) #",3,,,,2.5
"Lactona Dia-? beverage powder, prepared with water",27,,,,30
Lactose,46,,,,5
"Lactose (Lactose 101394S, BDH, Poole, UK) #",48,,,,5
"Lactose (Sigma Chemical Company, USA) #",43,,,,5
Lactose Free Instant Full Cream Milk Powder,48,,,35.0,13.7
"Lactose, 25 g portion, fed with 37.7 g oats #",49,,,,5
"Laddu (popped amaranth, foxtail millet, roasted legume powder, fenugreek seeds) in hot sweet syrup #",24,,,,35
"Laddu (popped amaranth, foxtail millet, roasted legume powder, fenugreek seeds) in hot sweet syrup #",29,,,,35
Leanmax Mom Ready-to-mix Nutrition,32,,,40.0,21
Leanmax Rena Gold 1 Ready-to-mix Nutrition,42,,,40.0,12.2
Leanmax Rena Gold 2 Ready-to-mix Nutrition,32,,,40.0,10.4
Leanpro Glulevel Ready-to-mix Nutrition,26,,,40.0,15.4
Leanpro Peptizer Ready-to-mix Nutrition,18,,,47.0,26.6
"Leben European Style yoghurt (Jalna Dairy Foods, Australia) #",11,,,,10
Leda Luxury gluten-free chocolate coated cookies,35,,,,20
Lemon weight management bar,23,,,,20
Lemon weight management bar #,32,,,,20
"Lentil, Asterix, washed, brought to boil in water (1:2.5 seed:water ratio) at 500°C (~11 min), once boiling was achieved temperature reduced to 280°C and continued to boil until soft",10,,,,15
"Lentil, canned (Unico, Concord, Canada) #",45,,,,20
"Lentil, Greenland, washed, brought to boil in water (1:2.5 seed:water ratio) at 500°C (~11 min), once boiling was achieved temperature reduced to 280°C and continued to boil until soft",23,,,,15
"Lentil, Imigreen, washed, brought to boil in water (1:2.5 seed:water ratio) at 500°C (~11 min), once boiling was achieved temperature reduced to 280°C and continued to boil until soft",14,,,,15
"Lentil, Impower, washed, brought to boil in water (1:2.5 seed:water ratio) at 500°C (~11 min), once boiling was achieved temperature reduced to 280°C and continued to boil until soft",17,,,,15
"Lentil, Improve, washed, brought to boil in water (1:2.5 seed:water ratio) at 500°C (~11 min), once boiling was achieved temperature reduced to 280°C and continued to boil until soft",15,,,,15
"Lentil, Redberry, washed, brought to boil in water (1:2.5 seed:water ratio) at 500°C (~11 min), once boiling was achieved temperature reduced to 280°C and continued to boil until soft",13,,,,15
"Lentil, Redbow, washed, brought to boil in water (1:2.5 seed:water ratio) at 500°C (~11 min), once boiling was achieved temperature reduced to 280°C and continued to boil until soft",18,,,,15
"Lentil, Redcliff, washed, brought to boil in water (1:2.5 seed:water ratio) at 500°C (~11 min), once boiling was achieved temperature reduced to 280°C and continued to boil until soft",18,,,,15
"Lentils and vegetable puree, containing red lentils, sweet potato, and carrot, homemade, mashed with lumps consistency",36,,,,10
"Lentils and vegetables puree, commercial, for ages 7 – 9 months, Heinz™ Mum’s Recipe",52,,,,10
"Lentils, brown, canned, drained, Edgell's™ brand",42,,,,15
"Lentils, green, canned in brine (Lancia-Bravo Foods Ltd., Canada) #",53,,,,15
"Lentils, green, dried, boiled #",37,,,,15
"Lentils, green, dried, boiled #",22,,,,15
"Lentils, green, dried, boiled #",30,,,,15
"Lentils, NS, boiled in water with 2 g salt #",29,,,,15
"Lentils, NS, simmered 20 min, refrigerated, reheated in microwave #",28,,,,15
"Lentils, Quinoa & Beans Superblend Protein, dried, cooked in boiling water for 15 min",36,,,,15
"Lentils, red, dried, boiled #",18,,,,15
"Lentils, red, dried, boiled #",21,,,,15
"Lentils, red, dried, boiled #",31,,,,15
"Lentils, red, dried, boiled #",32,,,,15
"Lentils, red, split, dried, boiled 25 min #",21,,,,15
"Lima beans, baby, frozen, reheated in microwave oven (York, Canada Packers, Toronto, Canada) #",33,,,,15
"Linseed rye bread (Rudolph's Specialty Bakery Ltd., Toronto, Canada) #",55,,,,15
Lipid Pro Nutritional Milk Powder,17,,,,17
"Litesse II, bulking agent with polydextrose and sorbitol (Danisco Sweeteners, UK) #",7,,,,2.5
"Litesse III ultra, bulking agent with polydextrose and sorbitol (Danisco Sweeteners, UK) #",4,,,,2.5
Liver Cleansing Muesli,31,,,,20
Locust honey #,32,,,,5
Locust pod honey #,48,,,,5
"Loubieh Bzet, made from French beans, tomato, and onions, cooked for 35 min #",13,,,,35
Low GI Golden Osmanthus Oolong Nuts Crispy Clusters,44,,,,8.2
Low GI Granola Golden Almond Crunch,49,,,,20
Low GI Granola Strawberry & Coconut,52,,,,20
"Low-fat yoghurt (0.9%), fruit, wild strawberry, Ski d'lite™",31,,,,20
"Low-fat yoghurt, apricot",42,,,,20
"Low-fat yoghurt, black cherry",41,,,,20
"Low-fat yoghurt, Nestlé Diet, Blueberry",32,,,,20
"Low-fat yoghurt, Nestlé Diet, Mixed Berry",28,,,,20
"Low-fat yoghurt, Nestlé Diet, Peaches & Cream",28,,,,20
"Low-fat yoghurt, raspberry",34,,,,20
"Low-fat yoghurt, sugar sweetened, Heavenly Honey flavor, Vaalia",32,,,,20
"Low-fat yoghurt, sugar sweetened, Lemon Crème flavor, Vaalia",43,,,,20
"Low-fat yoghurt, sugar sweetened, Luscious Berries flavor, Vaalia",29,,,,20
"Low-fat yoghurt, sugar sweetened, Passionfruit flavor, Vaalia",32,,,,20
"Low-fat yoghurt, sugar sweetened, strawberry classic, Yoplait™ Lite",33,,,,20
"Low-fat yoghurt, sugar sweetened, Strawberry flavor, Vaalia",28,,,,20
"Lower Carb 5 Seeds Bread, Helga’s™",53,,,,15
"Lower Carb Soy & Toasted Sesame Bread, Helga’s™",51,,,,15
"Lower Carb Wholemeal & Seeds Bread, Helga’s™",51,,,,15
LU P'tit Déjeuner Chocolat,42,,,,20
LU P'tit Déjeuner Miel et Pépites Chocolat,45,,,,20
LU P'tit Déjeuner Miel et Pépites Chocolat,49,,,,20
LU P'tit Déjeuner Miel et Pépites Chocolat,52,,,,20
"LU Petit Dejeuner Cereals & Chocolate Chips, low in sugar",37,,,,20
LU Petit Dejeuner Chocolate & Cereals,46,,,,20
"LU Petit Dejeuner Coconut, nuts and chocolate",51,,,,20
LU Petit Dejeuner Fruits and Muesli,45,,,,20
LU Petit Dejeuner Fruits and Muesli,49,,,,20
LU Petit Dejeuner Fruits and Muesli,47,,,,20
LU Petit Dejeuner Honey & Chocolate chips,47,,,,20
LU Petit Dejeuner Honey & Chocolate chips,46,,,,20
LU Petit Dejeuner Milk and Cereals,39,,,,20
LU Petit Dejeuner Multicereals,46,,,,20
LU Petit Dejeuner with Fruits and Figs,41,,,,20
LU Petit Dejeuner with Prunes,51,,,,20
"LU Petit Dejeuner, Chocolate, low in sugar",51,,,,20
"Lungkow bean thread (National Cereals, Oils & Foodstuffs, Qingdao & Guangdong, China) #",26,,,,35
"Lungkow bean thread noodles (National Cereals, Oils & Foodstuffs, Qingdao & Guangdong, China) #",26,,,,40
"Lycasin® HBC, syrup containing 50-55% maltitol, 5-8% sorbitol and 35-40% hydrogenated oligo-saccharides (lab 2212, Roquette, France) #",47,,,,2.5
"Lycasin® HBC, syrup containing 50-55% maltitol, 5-8% sorbitol and 35-40% hydrogenated oligo-saccharides (lab 2212, Roquette, France) #",25,,,,2.5
"Lychee, NS #",48,,,,15
"M&M's®, peanut",33,,,,25
Macadamia Chocolate,24,,,,25
"Macaroons, containing wheat flour and with coconut flour",32,,,,20
"Macaroons, prepared with wheat flour and coconut flour #",33,,,,20
Majadra (Syrian dish of lentils and rice) #,24,,,,35
"Malbit CR (87% maltitol) (Cerestar, Vilvoorde, Belgium) #",30,,,,2.5
Malt toffee weight management bar #,43,,,,20
"Maltidex 100 (> 72% maltitol) (Cerestar, Vilvoorde, Belgium) #",44,,,,2.5
Maltitol #,26,,,,2.5
"Maltitol (Roquette, Lestrem, France), dissolved in 200 mL water #",34,,,,2.5
"Maltitol (Roquette, Lestrem, France), dissolved in 200 mL water #",23,,,,2.5
"Maltitol (Roquette, Lestrem, France), dissolved in 200 mL water #",33,,,,2.5
Maltitol and Sucrose mixture (25 g Maltitol + 25 g Sucrose) #,46,,,,2.5
Maltmeal wafer,50,,,,20
Mamacare Diabetic Nutrition,33,,,,30
Mandarin orange (Citrus reticulata),52,,,,15
"Mandarin segments, canned in juice",47,,,,15
Mango (Magnifera inidica) #,34,,,,15
Mango (Mangifera indica) #,42,,,,15
Mango (Mangifera indica) #,51,,,,15
"Mango puree, high hydrostatic pressure processed #",33,,,,15
"Mango puree, unprocessed #",43,,,,15
"Mango, 1.8% fat, prepared from commercial mousse mix with water",33,,,,20
"Mango, frozen and thawed #",31,,,,15
"Mango, low-fat frozen fruit dessert, Frutia™",42,,,,15
"Mango, processed in a blender for 30 sec with 125 mL water, frozen and thawed, consumed as a nutrient-extracted juice #",38,,,,20
"Mango, raw (Chin-Hwang Mango)",48,,,,15
"Manuka honey, M75-11 (East Cape, NZ) #",54,,,,5
"Manuka honey, MED WM38-10 (Wairarapa, NZ) #",55,,,,5
"Maple syrup, pure Canadian",54,,,,5
"Marrowfat peas, dried, boiled #",31,,,,15
"Marrowfat peas, dried, boiled in water with 2 g salt #",47,,,,15
"Mash bean, boiled in salted water #",43,,,,15
"Meal Shake Solid Beverage, Lychee Rose",44,,,,20
"Melba toast/Rusk, soft wheat flour, bran and rolled oat, with psyllium and soluble fibers",47,,,,15
"Melba toast/Rusk, soft wheat flour, whole-meal barley flour (10%), rolled oat (2%) (Fette biscottate Cuori di orzo, Mulino Bianco)",45,,,,15
Mesquite cakes (Prosopis velutina) #,25,,,,35
"Milk powder, Jerseyjoy Active Life, prepared with water",32,,,,25
"Milk rice pudding, Yoplait Le Rice®, Apple & Cinnamon flavor",52,,,,20
"Milk rice pudding, Yoplait Le Rice®, Apricot & Almond Muesli flavor",45,,,,20
"Milk rice pudding, Yoplait Le Rice®, Caramel flavor",41,,,,20
"Milk rice pudding, Yoplait Le Rice®, Forest Berries flavor",45,,,,20
"Milk rice pudding, Yoplait Le Rice®, Mocha flavor",46,,,,20
"Milk rice pudding, Yoplait Le Rice®, Raspberry & Apple flavor",52,,,,20
"Milk rice pudding, Yoplait Le Rice®, Vanilla flavor",43,,,,20
"Milk, low-fat, chocolate, with aspartame, Lite White™ (Dairy Farmers Ltd, Australia) #",24,,,,10
"Milk, low-fat, chocolate, with sugar, Lite White™ (Dairy Farmers Ltd, Australia) #",34,,,,10
"Milk, reduced fat",26,,,,10
"Milk, reduced fat (1.4%) (Lite White™, Dairy Farmers Ltd, Australia) #",30,,,,10
"Milk, reduced fat (98% fat free) with added omega 3 (Farmers Best™, Dairy Farmers Ltd, Australia) #",27,,,,10
"Milk, reduced fat with added omega 3 (Take Care™, Dairy Farmers Ltd, Australia) #",23,,,,10
"Milk, reduced-fat (1.5% fat w/v) #",31,,,,10
"Milk, semi-skimmed, British (Dairycrest, UK) #",25,,,,10
"Milk, semi-skimmed, pasteurized, organic",34,,,,10
"Milk, skim #",32,,,,10
"Milk, skim #",37,,,,10
"Milk, skim #",40,,,,10
"Milk, skim (Dairy Farmers Ltd, Australia) #",32,,,,10
"Milk, skim, made from powder (Arla Foods, Sweden) #",27,,,,10
"Milk, skim, Shape™ fat free (Dairy Farmers Ltd, Australia) #",34,,,,10
"Milk, skimmed, pasteurized, British (Dairycrest, UK) #",48,,,,10
"Milkshake, made from Chocollo™, low-fat chocolate ice cream, skim milk and malted milk powder",21,,,,20
Milo® Protein Clusters Cereal,47,,,,20
"Minestrone, condensed, prepared with water",48,,,,20
"Minestrone, Traditional, Country Ladle®",39,,,,20
"Mixed berry, 2.2% fat, prepared from commercial mousse mix with water",36,,,,20
Mixed flora honey #,37,,,,5
"Mixed fruit, fresh, containing banana (10%), mango (10%), passion fruit (20%), pineapple (20%), kiwi (20%) and raspberries (20%), frozen and thawed #",33,,,,15
"Mixed Grain bread roll, Bürgen™",52,,,,15
"Mixed Grain bread, Bürgen™",34,,,,15
"Mixed Grain wraps, Helga’s",55,,,,15
"Mixed Grain, Bürgen™",52,,,,15
"Mixed Grain, Bürgen™ (Tip Top Bakeries, Chatswood, NSW, Australia) #",45,,,,15
Mixed nuts and raisins,21,,,,5
Mixed Nuts Cranberry Protein Bar,42,,,,20
"Mixed nuts, roasted and salted",24,,,,5
"Mochaccino frozen yoghurt, President's Choice® Blue Menu™ brand",51,,,,20
"Monofloral honey, citrus (Citrus spp.), from Mersin #",45,,,,5
"Monofloral honey, lime (Tilia spp.), from Zonguldak #",55,,,,5
"Monofloral honey, thyme (Thyme spp.), from Aydin #",53,,,,5
Montana Chocolate Chip Cookies,43,,,,20
Montana Chocolate Chip Cookies,42,,,,20
Montana Chocolate Chip Cookies,42,,,,20
Montana Chocolate Chip Cookies,42,,,,20
Montana Chocolate Chip Cookies,42,,,,20
Montana Chocolate Chip Cookies,43,,,,20
Montana Chocolate Chip Cookies,43,,,,20
Montana Chocolate Chip Cookies,41,,,,20
"Moon cake, Maxim’s Low Sugar White Lotus Seed Paste (salted egg yolk)",29,,,,50
"Muesli bread, made from packet mix in bread making machine",54,,,,15
"Muesli breakfast bar, gluten-free",50,,,,20
"Muesli Gluten Free, Carman’s Deluxe",49,,,,20
"Muesli, gluten-free with psyllium",50,,,,20
"Muesli, Morning Sun Natural Apricot & Almond",49,,,,20
"Muesli, Natural",40,,,,20
"Muesli, Naytura Fruit and Nut",48,,,,20
"Muesli, Swiss Bircher",52,,,,20
"Muesli, yeast & wheat free",45,,,,20
"Multi-Grain bread, 9-Grain",43,,,,15
Multifloral honey (provided by German beekeeper association) #,51,,,,5
"Multigrain bread, 50% kibbled wheat grains and 50% wheat flour bread #",43,,,,15
Multigrain spelt bread®,54,,,,15
Multiseed bread,54,,,,15
Munch Peanut Butter bar,27,,,,25
"Mung bean (Phaseolus areus Roxb), soaked, boiled 20 min #",32,,,,15
"Mung bean noodles, glass or cellophane noodles, boiled",20,,,,50
"Mung bean, boiled in salted water #",42,,,,15
"Mung bean, fried",53,,,,15
"Mung bean, germinated",25,,,,15
"Mung bean, pressure cooked",42,,,,15
"Mung beans (Vigna radiata L. R. Wilczek), soaked overnight, boiled, cooled overnight, microwaved #",11,,,,15
"Mung beans (Vigna radiata L. R. Wilczek), soaked overnight, boiled, cooled overnight, microwaved #",15,,,,15
"Mungbean, dried, soaked overnight, boiled for 35 min #",45,,,,15
"Mushroom Barley, ready-to-serve, President's Choice® Blue Menu™",45,,,,20
Nan-1™ infant formula with iron,30,,,,10
Nasi goreng #,29,,,,35
Nasi liwet #,24,,,,35
Nasi liwet #,18,,,,35
"Naturo Natural Fruit bar, Apple #",39,,,,25
"Nectarines, raw",43,,,,15
Nestlé Milo Combo mousse,42,,,,20
Nestlé Milo flavored mousse,46,,,,20
New potatoes #,47,,,,20
No Added Sugar Natural yoghurt,17,,,,20
No Added Sugar Passionfruit yoghurt,21,,,,20
No Added Sugar Raspberry yoghurt,21,,,,20
"No Bake Egg Custard, prepared from powder with whole milk",35,,,,20
"No Fat berry fruit flavors, artificially sweetened yoghurts",16,,,,20
"No Fat Strawberry Classic flavor, artificially sweetened yoghurts",19,,,,20
"No Fat tropical fruit flavors, artificially sweetened yoghurts",20,,,,20
"No Fat yoghurt, various flavors, artificially sweetened yoghurts",18,,,,20
No Sugar Added Brownie Premix,37,,,,
No Sugar Added Cookie Premix,41,,,,
No Sugar Added Muffin Premix,47,,,,
"Non-fat, Honey flavor, sugar sweetened",40,,,,20
"Non-fat, Vanilla flavor, sugar sweetened",40,,,,20
"Nongfu Spring Meal Replacement, low GI",27,,,,20
"Noodle soup, traditional Turkish soup with stock and noodles #",34,,,,20
"Noodles, potato",14,,,,40
"Noodles, potato, served with meat, NS",17,,,,50
Nopales (prickly pear cactus) #,7,,,,35
"Nougat, Jijona (La Fama, Spain) #",33,,,,25
"Novalac Reflux Formula for special medical needs, containing lactose, starch",38,,,,10
"Novalac Sweet Dreams Formula for special medical needs, containing maltodextrins, lactose, dextrose, starch",52,,,,10
"Novasource Diabet®, diabetes-specific enteral formula (Novartis Consumer Health SA, Switzerland) #",26,,,,30
Nutbutter bar,22,,,,25
"Nutella®, chocolate hazelnut spread",33,,,,25
"Nutella®, chocolate hazelnut spread",30,,,,25
"Nutella®, chocolate hazelnut spread",25,,,,25
"Nutridrink (Nutricia N.V., Netherlands) #",25,,,,30
"Nutridrink Multi Fibre®, containing 2.3 g fiber/100 mL (Nutricia N.V., Netherlands) #",22,,,,30
"Nutrimeal™ Free Vanilla vegan meal replacement beverage powder, prepared with water",49,,,,20
"Nutrimeal™, drink powder, Dutch Chocolate",26,,,,20
"Nutrimeal™, meal replacement drink, all flavors, prepared with water",20,,,,20
"Nutrison Multi Fibre® enteral formula (Nutricia N.V., Netherlands) #",28,,,,30
"Nutrison Standard® enteral formula (Nutricia N.V., Netherlands) #",34,,,,30
"Nutritional formula, commercial, containing lactose and sucrose, designed for pregnant women #",26,,,,30
"Nutritional formula, containing lactose, isomaltulose and slowly digested starch, designed as a meal replacement product for pregnant women #",30,,,,30
Nuts and Seeds Superfoods bar,33,,,,25
Oat biscuit,45,,,,20
Oat biscuit,46,,,,20
"Oat Bran & Honey Loaf with Barley, Bürgen™ (Tip Top Bakeries, Australia) #",31,,,,15
"Oat bran flour (Natureal® GI-flour, Finn Cereal, Vantaa, Finland), consumed mixed with cold water #",40,,,,20
"Oat bran, raw (Quaker Oats Co., Canada) #",51,,,,20
Oat bread #,32,,,,15
"Oat bread, with added lingonberry fiber (Kiantama Ltd, Suomussalmi, Finland) #",47,,,,15
Oat porridge made from roasted thick (1.0 mm) dehulled oat flakes #,51,,,,20
"Oatbran & Honey bread, Bürgen™",49,,,,15
"Omega bar, containing linseeds, sunflower kernels and nuts, gluten-free",21,,,,25
OptiCare CardioVital Enriched Nutrition,25,,,,33.2
OptiCare Glubalance Enriched Nutrition,22,,,,25.6
OptiCare NutriSure Balanced Milk Powder,30,,,,21.9
Optifast® VLCD™ Berry Crunch Flavor Bar,25,,,,20
Optifast® VLCD™ Cappuccino Flavor Bar,29,,,,20
Optifast® VLCD™ Cereal with Cranberry Bar,30,,,,20
Optifast® VLCD™ Chocolate Bar,20,,,,20
Optifast® VLCD™ Chocolate Dessert,27,,,,20
Optifast® VLCD™ Lemon Crème Dessert,27,,,,20
"Optifast® VLCD™ Shake, Banana, prepared with water",24,,,,20
"Optifast® VLCD™ Shake, Caramel, prepared with water",34,,,,20
"Optifast® VLCD™ Shake, Chocolate, prepared with water",31,,,,20
"Optifast® VLCD™ Shake, Coffee, prepared with water",31,,,,20
"Optifast® VLCD™ Shake, Strawberry, prepared with water",27,,,,20
"Optifast® VLCD™ Shake, Vanilla, prepared with water",27,,,,20
"Optifast® VLCD™ Soup, Chicken, prepared with water",31,,,,20
"Optifast® VLCD™ Soup, Tomato, prepared with water",25,,,,20
"Optifast® VLCD™ Soup, Vegetable, prepared with water",24,,,,20
"Orange & Grapefruit segments, canned in juice",53,,,,15
"Orange jam, organic bitter orange, with apple juice",51,,,,15
Orange juice,41,,,,15
Orange juice #,46,,,,20
"Orange juice beverage, President's Choice® Blue Menu™ Oh-Mega j",48,,,,15
Orange marmalade,48,,,,15
"Orange marmalade 100% Fruit Spread, Cottees™",55,,,,15
"Orange marmalade, bitter orange",55,,,,15
"Orange marmalade, orange 100% Pure Fruit spread, no added sugar",27,,,,15
Oranges (Citrus sinensis) #,36,,,,15
"Oranges (Sunkist, Van Nuys, CA, USA) #",49,,,,15
Oranges NS #,52,,,,15
"Oranges, navel",45,,,,15
"Oranges, NS #",40,,,,15
"Oranges, NS #",31,,,,15
"Oranges, NS #",47,,,,15
"Oranges, NS #",48,,,,15
"Oranges, NS, tested in young adults (17-18 y) #",33,,,,15
"Organic Agave Cactus Nectar, light, 90% fructose",11,,,,5
"Organic Agave Cactus Nectar, light, 97% fructose",10,,,,5
"Organic Heavy Wholegrain bread, Golden Hearth™",53,,,,15
Oz Farm Aged Care Formula,32,,,,27
Oz Farm Aged Care Plus Nutritional Milk Formula,19,,,,20
Oz Farm Pregnant Mother Formula,21,,,,16
Oz Farm SleepWell™ Nutritional Milk Formula,22,,,,20
Palm Sugar,48,,,,4.6
"Pancakes, made with wholegrain wheat flour and a curd cheese filling, fried in butter for 50 s on each side, sprinkled with icing sugar #",23,,,,35
"Papaya (Carica papaya), raw #",46,,,,15
Papaya/Paw paw (Carica papaya) #,42,,,,15
"Papaya/paw paw, raw, cut into bite size pieces",38,,,,15
"Papaya/paw paw, raw, cut into bite size pieces #",39,,,,15
"Papaya/paw paw, raw, puree",42,,,,15
"Papaya/paw paw, raw, puree #",46,,,,15
"Parsnips, peeled, boiled",52,,,,20
"Passionfruit (150 g) and Mango (114.2 g), processed in a blender for 30 sec with 125 mL water, consumed as a nutrient-extracted juice #",31,,,,20
"Passionfruit (150 g) and Mango (114.2 g), processed in a blender for 30 sec with 125 mL water, consumed as a nutrient-extracted juice #",26,,,,20
"Passionfruit pulp, canned, 55% passionfruit pulp with added sugar",46,,,,15
"Pasta & Fagioli soup, ready-to-serve, President's Choice® Blue Menu™",52,,,,20
"Pasta and vegetables puree, containing pasta, tomatoes, sweet potato, carrot and onion, homemade, pureed with soft pieces consistency",54,,,,10
"Pasta, made from 100% pea flour, boiled in unsalted water for 6 min",23,,,,40
"Pasta, made from 100% red lentil flour, boiled in unsalted water for 8 min",22,,,,40
"Pasta, made from 60% grass pea flour and 40% chickpea flour, boiled in unsalted water for 7 min",20,,,,40
"Pavesini, Pavesi",52,,,,20
"Pea, cooked #",35,,,,20
"Pea, frozen, boiled #",39,,,,20
"Pea, frozen, boiled #",51,,,,20
"Pea, green (Pisum Sativum) #",54,,,,20
"Peach & Grapes, canned in natural fruit juice",46,,,,15
"Peach & pear fruit strips, gluten-free",29,,,,25
"Peach & Pineapple, canned in natural fruit juice",45,,,,15
"Peach palm fruit (Bactris gasipaes), red-orange peel, boiled at 96oC for 30 min, frozen, thawed at room temperature, peeled and deseeded #",35,,,,15
"Peach, canned in light syrup (Delmonte, Canadian Canners Ltd., Canada) #",53,,,,15
"Peach, canned in natural juice",46,,,,15
"Peach, canned in natural juice (Goulburn Valley brand, Ardmona Foods, Mooroopna, Australia) #",30,,,,15
"Peach, dried #",35,,,,15
"Peach, raw #",28,,,,15
"Peach/Apricot compote, organic",47,,,,15
Peanut Butter Chocolate bar,32,,,,25
Peanut Butter weight management bar,22,,,,20
Peanuts #,13,,,,5
Peanuts #,23,,,,5
"Peanuts, crushed, tested in young adults (17-18 y) #",7,,,,5
"Peanuts/Groundnuts (Arachis hypogaea L.), soaked overnight, boiled, cooled overnight, microwaved #",5,,,,5
"Peanuts/Groundnuts (Arachis hypogaea L.), soaked overnight, boiled, cooled overnight, microwaved #",7,,,,5
"Pear halves, canned in natural juice (SPC Ltd, Australia) #",43,,,,15
"Pear slices, canned in natural juice",31,,,,15
"Pear, Asian, raw #",18,,,,15
"Pear, Asian, raw #",26,,,,15
"Pear, Bartlett, raw #",41,,,,15
"Pear, canned in pear juice, Bartlett (Delmonte, Canadian Canners Ltd., Canada) #",45,,,,15
"Pear, dried #",43,,,,15
"Pear, raw, NS #",33,,,,15
"Pear, raw, NS #",43,,,,15
"Pear, Williams, raw, ripe/soft",33,,,,15
"Pear, Williams, raw, under ripe/crunchy",24,,,,15
"Pear, Winter Nellis, raw #",34,,,,15
"Peas, boiled in salted water #",25,,,,15
"Peas, dried, boiled #",23,,,,15
"Peas, frozen, heated in the microwave",42,,,,20
"Peas, plain and frozen",29,,,,20
"Peptide 1.5 Plain nutrition formula (Kate Farms, Inc.)",26,,,,30
Petiki Go ! Fruits and Muesli,45,,,,20
Petiki Go ! Fruits and Muesli,49,,,,20
Petiki Go ! Fruits and Muesli,47,,,,20
Petit LU Normand,51,,,,20
Petit LU Roussillon,48,,,,20
Phalsa/Falsa (Grewia asiatica) extract #,5,,,,15
"Pierogi, dumplings with wholegrain wheat flour, potato and cheese curd stuffing, boiled in water for 4 min #",22,,,,35
"Pierogi, wholegrain wheat flour and cheese curd dumplings, boiled in water for 4 min #",25,,,,35
"Pigeon Pea (Cajanus cajan Linn. Huth.), soaked, boiled 45 min #",22,,,,15
Pigeon Pea/Gungo (Cajanus cajan) #,43,,,,15
"Pigeon peas (Cajanus cajan), soaked overnight, boiled, cooled overnight, microwaved #",7,,,,15
"Pigeon peas (Cajanus cajan), soaked overnight, boiled, cooled overnight, microwaved #",9,,,,15
"Pineapple & Papaya pieces, canned in natural juice",53,,,,15
"Pineapple (Ananas comosus), raw #",39,,,,15
"Pineapple (Ananas comosus), raw #",51,,,,15
"Pineapple juice, unsweetened (Dole Packaged Foods, Toronto, Canada) #",47,,,,20
"Pineapple pieces, canned in fruit juice (Woolworths Select, Australia)",43,,,,15
"Pineapple pieces, canned in natural fruit juice",55,,,,15
"Pinto beans (Phaseolus vulgaris), boiled in salted water #",28,,,,15
"Pinto beans, boiled in salted water #",14,,,,15
"Pinto beans, canned in brine (Lancia-Bravo Foods Ltd., Canada) #",45,,,,15
"Pinto beans, dried, boiled #",39,,,,15
"Pinto beans, steamed #",33,,,,15
Pistachio nuts #,28,,,,5
"Pitahaya (Hylocereus spp.), pulp, raw, frozen, thawed #",48,,,,15
"Plantain (Musa spp. Ameletiha) chips (made from green plantain), sliced 0.8-1.2 mm thick, deep-fried",45,,,,20
"Plantain, ripe (yellow, stage 6), raw, peeled",38,,,,20
"Plantain, unripe (full green, stage 2), boiled for 20 min in lightly salted water",45,,,,20
"Plum, Bau Kul variety (Zizyphus mauritiana), raw #",32,,,,15
"Plum, NS #",24,,,,15
"Plum, NS #",53,,,,15
"Pole sitao (Vigna unguiculata subsp. sesquipedalis L. Verde), soaked overnight, boiled, cooled overnight, microwaved #",6,,,,15
"Pole sitao (Vigna unguiculata subsp. sesquipedalis L. Verde), soaked overnight, boiled, cooled overnight, microwaved #",9,,,,15
"Porridge (rice & wheat flour), apple-pear flavored (Semper Foods AB, Sweden), made with whole milk and water #",47,,,,10
"Porridge (rice and wheat flour), made with whole milk and water #",55,,,,10
"Porridge (wholemeal wheat, oat, rice & wheat flour), fruit flavored (Semper Foods AB, Sweden), made with whole milk and water #",52,,,,10
Porridge oats,50,,,,20
"Porridge oats, traditional",51,,,,20
"Porridge, made from 75% endosperm rye flour and 25% white wheat flour, cooked with 182 g water in microwave for 3 min, 0.5 g NaCl added #",50,,,,20
"Porridge, made from 75% whole grain rye flour and 25% white wheat flour, cooked with 204.5 g water in microwave for 3 min, 0.6 g NaCl added #",51,,,,20
"Porridge, made from rolled oats cooked for 20 min #",49,,,,20
"Porridge, made from steel-cut oats, cooked in water",48,,,,20
"Porridge, made from steel-cut oats, cooked in water",52,,,,20
"Porridge, made from steel-cut oats, Moulamein™, cooked in water",51,,,,20
"Potato & Bacon soup, chunky",41,,,,20
Potato mixed flour bread (lab made),55,,,,15
Potato noodles with meat,17,,,,50
"Potato, novel clone, selection 1 (CV92056-4, grown in Ontario; harvested Oct. 2009), boiled for 15 min, refrigerated at 4°C for 24-28 h, served cold",48,,,,20
"Potato, novel clone, selection 2 (CV1102-1, grown in Alberta, harvested prior to maturity Oct. 2009), boiled for 15 min, refrigerated at 4°C for 24-28 h, served cold",41,,,,20
"Potato, novel clone, selection 2 (CV1102-1, grown in Alberta; harvested prior to maturity Oct. 2009), unpeeled, cut into 2.5-3 cm cubes, boiled in salted water for 15 min",38,,,,20
"Potato, novel clone, selection 3 (F03031, grown in New Brunswick), boiled for 15 min, refrigerated at 4°C for 24-28 h, served cold",40,,,,20
"Potato, novel clone, selection 3 (F03031, grown to maturity in Ontario), boiled for 15 min, refrigerated at 4°C for 24-28 h, served cold",49,,,,20
"Potato, novel clone, selection 4 (F03028, grown in New Brunswick), boiled for 15 min, refrigerated at 4°C for",44,,,,20
Potatoes #,49,,,,20
"Potatoes, blended, excess water drained, then pan-fried with 50 mL oil for 15 min #",28,,,,20
"Potatoes, NS, boiled with salt #",24,,,,20
"Potatoes, white, NS, boiled in water with 1 g salt, refrigerated for 16-20 h, reheated #",23,,,,20
"Potatoes, white, NS, cooked #",41,,,,20
Premium Agave nectar,19,,,,5
Prince fourré chocolat,50,,,,20
"Prince Meganana Chocolate (LU, Spain) #",49,,,,20
Prince Petit Déj Cereals,52,,,,20
Prince Petit Déj Cereals and Chocolate,51,,,,20
Prince Petit Déjeuner Vanille,45,,,,20
Principe megamanana vanilla,45,,,,20
"Probiotic drink, orange",30,,,,20
"Probiotic drink, original",34,,,,20
Protein Meal Replacement Cookies,43,,,,20
"Provide™ nutritious beverage powder, prepared with water",28,,,,20
Prune juice,43,,,,15
Prunes #,34,,,,15
"Prunes, pitted",29,,,,15
"Prunes, pitted, Californian",40,,,,15
Pumpernickel Rye bread,49,,,,15
"Pumpkin Seed bread, containing 6% pumpkin seeds, Bürgen™",49,,,,15
"Pumpkin Seeds & Oats cracker, Ryvita®",46,,,,15
"Pumpkin, boiled in water for 20 min, mashed and served as gruel #",53,,,,20
"Pumpkin, steamed for 15 min #",52,,,,20
Pura™ HiLo milk,20,,,,10
Pura™ Light Start milk,30,,,,10
Pura™ Skimmer milk,20,,,,10
Pura™ Tone milk,30,,,,10
"Pure-protein™ bars, Chewy choc-chip (Worldwide Sport Nutritional Supplements Inc., Largo, FL, USA) #",30,,,,20
"Pure-protein™ bars, Chocolate deluxe (Worldwide Sport Nutritional Supplements Inc., Largo, FL, USA) #",38,,,,20
"Pure-protein™ bars, Peanut butter (Worldwide Sport Nutritional Supplements Inc., Largo, FL, USA) #",22,,,,20
"Pure-protein™ bars, Strawberry shortcake (Worldwide Sport Nutritional Supplements Inc., Largo, FL, USA) #",43,,,,20
"Pure-protein™ bars, White chocolate mousse (Worldwide Sport Nutritional Supplements Inc., Largo, FL, USA) #",40,,,,20
"Pure-protein™ cookies, Choc-chip cookie dough (Worldwide Sport Nutritional Supplements Inc., Largo, FL, USA) #",25,,,,20
"Pure-protein™ cookies, Coconut (Worldwide Sport Nutritional Supplements Inc., Largo, FL, USA) #",42,,,,20
"Pure-protein™ cookies, Peanut butter (Worldwide Sport Nutritional Supplements Inc., Largo, FL, USA) #",37,,,,20
"Quesadillas (made from low-fat cheese, avocado, boiled pinto beans and flour tortilla) consumed with nopales (prickly pear cactus) #",25,,,,35
Quinoa High Fiber Porridge,45,,,,20
"Raisin Toast, TipTop™",53,,,,15
Raisins,49,,,,15
Raisins,55,,,,15
"Raisins (Sun-Maid, Kingsburg, CA, USA) #",49,,,,15
"Raisins (Sun-Maid, Kingsburg, CA, USA) #",50,,,,15
"Raisins, Corinthian (Agricultural Cooperatives Union-Aeghion, Greece) #",51,,,,15
"Rajmah (Phaseolus vulgaris), boiled #",19,,,,35
"Raspberry (162 g) and Mango (114.2 g), processed in a blender for 30 sec with 125 mL water, consumed as a nutrient-extracted juice #",40,,,,20
"Raspberry (162 g) and Mango (114.2 g), processed in a blender for 30 sec with 125 mL water, consumed as a nutrient-extracted juice #",25,,,,20
"Raspberry 100% Fruit Spread, Cottees™ brand",46,,,,15
"Raspberry 100% Pure Fruit spread, no added sugar",26,,,,15
"Reconstituted bovine casein drink, 1.5% fat w/v, with added lactose #",31,,,,10
"Reconstituted bovine whey drink, 1.5% fat w/v, with added lactose #",43,,,,10
"Red beans, dried, boiled in water for 100 min, mashed and served as gruel #",39,,,,15
"Red beans, dried, boiled with water for 80 min #",27,,,,15
Red Gum honey (35% fructose),46,,,,5
"Red Kidney beans, canned, drained, Edgell's™ brand",36,,,,15
"Red Kidney beans, dried, soaked overnight, boiled 60 min #",51,,,,15
"Red River Cereal (Maple Leaf Mills, Toronto, Canada) #",50,,,,20
"Reduced-fat custard, TRIM™",37,,,,20
"Reduced-fat yoghurt, apricot & mango",26,,,,20
"Reduced-fat, berry fruit flavors",25,,,,20
"Reduced-fat, French vanilla",26,,,,20
"Reduced-fat, Fruit Salad flavor",32,,,,20
"Reduced-fat, strawberry",28,,,,20
"Reduced-fat, strawberry",43,,,,20
"Reduced-fat, tropical fruit flavors",37,,,,20
"Reduced-fat, various flavors",27,,,,20
"ReduceXS™ Chocolate Deluxe formulated meal replacement powder, prepared with 430.3 g water #",10,,,,20
"Refried Pinto beans, Casa Fiesta™ brand, heated in microwave for 1.5 min",38,,,,15
"Resource Diabetic™, French vanilla, prepared with water",34,,,,30
"Resource Diabetic™, Swiss chocolate",16,,,,30
"Rice Bran, extruded (Rice Growers Co-Operative Ltd, #",19,,,,20
"Rice porridge (Semper Foods AB, Sweden), made with whole milk and water #",52,,,,10
"Rice porridge, made from rice bran",19,,,,45
Rich Tea Biscuit,40,,,,20
Romano beans #,46,,,,15
Rotary-Molded biscuit,48,,,,20
Rotary-Molded biscuit,47,,,,20
Rotary-Molded biscuit,45,,,,20
"Roti (unleavened flatbread), atta mix containing roasted Bengal flour, psyllium husk powder and fenugreek powder",27,,,,15
"Roti (unleavened flatbread), whole wheat flour",45,,,,15
"Roti, made from 75% rice flour and 25% soy flour #",36,,,,15
"Roti, made from stone-ground finger millet (Eucenea coracana) flour #",44,,,,15
Rye bread (50% rye flour + 50% wheat flour) #,51,,,,15
Rye Hi-Soy with Linseed,55,,,,15
Rye kernel bread (Pumpernickel) #,41,,,,15
"Rye kernel bread, Pumpernickel (80% kernels, 20% flour) #",55,,,,15
"Rye Muesli, Bürgen®",41,,,,20
"Rye, Bürgen™",51,,,,15
"Rye, Country Grain Organic",53,,,,15
"S-26 Gold Newborn Infant formula, containing 100% lactose",19,,,,10
"S-26 Gold PremGro Formula for special medical needs, containing 76% lactose, 24% corn syrup solids",26,,,,10
"S-26 Gold Progress Follow-on formula, containing 100% lactose",23,,,,10
"S-26 Gold Progress Infant formula, containing 100% lactose",34,,,,10
"S-26 Gold Toddler Follow-on formula, containing 86% lactose, 14% maltodextrins",18,,,,10
S-26™ infant formula,36,,,,10
Sandwich Rotary-Molded biscuit,44,,,,20
Sandwich Rotary-Molded biscuit,52,,,,20
"SDC (SDS (SUSTRA™ 2434 slowly digestible carbohydrate; blend of tapioca flour and corn starch), prepared with water",27,,,,30
Seeded bread,49,,,,15
SEIMEI ONE Pro,46,,,,20
"SICCON D2™ nutritious beverage powder, prepared with water",28,,,,20
"Siyadieh, fried fish fillet, with basmati rice, onions and nuts #",15,,,,35
"Sliced Apples, canned, solid packed without juice",42,,,,15
"SlimFast® bar, chocolate meal replacement bar",27,,,,20
"SlimFast® bar, Chocolate Muesli snack bar",49,,,,20
"SlimFast® beverage, French Vanilla ready-to-drink shake",37,,,,20
"SlimFast® beverage, Strawberry Supreme ready-to-drink shake",33,,,,20
"SlimFast®, Garden vegetable soup with peppers and croutons, prepared with water",20,,,,20
"SmartZone bar, Chocolate flavor #",11,,,,25
"SmartZone Chocolate flavor, Nutrition bar",16,,,,25
"SmartZone Crunchy Blueberry flavor, Nutrition bar",15,,,,25
"SmartZone Crunchy Chocolate Brownie flavor, Nutrition bar",23,,,,25
"SmartZone Crunchy Chocolate Caramel flavor, Nutrition bar",16,,,,25
"SmartZone Crunchy Chocolate Peanut Butter flavor, Nutrition bar",14,,,,25
"SmartZone Crunchy Key Lime flavor, Nutrition bar",14,,,,25
"SmartZone Peanut Butter flavor, Nutrition bar",18,,,,25
"Smoothie drink, soy, banana, 1% fat",30,,,,25
"Smoothie drink, soy, chocolate hazelnut, 1% fat",34,,,,25
"Smoothie, banana",30,,,,25
"Smoothie, Banana & Honey, Devondale brand",28,,,,25
"Smoothie, mango",32,,,,25
"Smoothie, mango and passionfruit",36,,,,25
"Smoothie, raspberry",33,,,,25
"Smoothie, strawberry and banana",39,,,,25
"Smoothie, Tropical, Devondale brand",31,,,,25
"Snack bar, Apple Cinnamon",40,,,,25
"Snack bar, Peanut Butter and Choc-Chip",37,,,,25
"Snack Right Fruit Pillow, Apple and blackberry",43,,,,20
"Snack Right Fruit Pillow, Spicy apple and sultana",45,,,,20
"Snack Right Fruit Pillow, Wild berry",52,,,,20
"Snack Right Fruit Slice, Mango and passionfruit",49,,,,20
"Snack Right Fruit Slice, Mixed berry",50,,,,20
"Snack Right Fruit Slice, Original Sultana (97% fat-free)",48,,,,20
"Snack Right Fruit Slice, Sultana with chocolate",45,,,,20
"Snickers® Marathon Energy bar, Chewy Chocolate Peanut flavor",36,,,,25
"Snickers® Marathon Energy bar, Peanut Butter flavor",34,,,,25
"Snickers® Marathon Low Carb Lifestyle Energy bar, Chocolate Fudge Brownie flavor",20,,,,25
"Snickers® Marathon Low Carb Lifestyle Energy bar, Peanut Butter flavor",21,,,,25
"Snickers® Marathon Nutrition bar, Honey & Roasted Almond flavor",41,,,,25
"Snickers® Marathon Protein Performance bar, Caramel Nut Rush flavor",26,,,,25
"Snickers® Marathon Protein Performance bar, Chocolate Nut Burst flavor",32,,,,25
"Snow Pear Red Ginseng Brown Sugar, contains 2.2% Phytolin®",45,,,,5
"Soft pretzel, soy",39,,,,15
SoLo GI Berry Bliss Nutrition bar,29,,,,25
SoLo GI Berry Bliss Snack bar,29,,,,25
SoLo GI Chocolate Charger Nutrition bar,28,,,,25
SoLo GI Chocolate Charger Snack bar,28,,,,25
SoLo GI Lemon Lift Nutrition bar,29,,,,25
SoLo GI Lemon Lift Snack bar,29,,,,25
SoLo GI Mint Mania Nutrition bar,23,,,,25
SoLo GI Mint Mania Snack bar,23,,,,25
SoLo GI Peanut Power Nutrition bar,27,,,,25
SoLo GI Peanut Power Snack bar,27,,,,25
Sourdough bread #,55,,,,15
"Sourdough bread, made with wholemeal wheat flour and prepared with Lactobacillus brevis combined with Saccharomyces cerevisiae var. chevalieri starter",50,,,,15
Sourdough rye bread,48,,,,15
Sourdough wheat bread,54,,,,15
Soy & Linseed bread (made from packet mix cooked in bread maker),50,,,,15
"Soy based snack product, SoyCarat Nori & Natto flavor",37,,,,25
"Soy based snack product, SoyCarat Olive Oil & Garlic flavor",41,,,,25
"Soy beverage (Grupo Leche Pascual, Aranda de Duero, Spain)8 #",17,,,,25
"Soy Beverage, Chocolate flavored, President's Choice® Blue Menu™",40,,,,25
"Soy Beverage, Chocolate flavored, President's Choice® Blue Menu™",40,,,,20
"Soy Beverage, Original flavored, President's Choice® Blue Menu™",15,,,,25
"Soy Beverage, Vanilla flavored, President's Choice® Blue Menu™",28,,,,25
"Soy Beverage, Vanilla flavored, President's Choice® Blue Menu™",28,,,,20
"Soy Crunch Multi-Grain Cereal, President’s Choice® Blue Menu™",47,,,,20
Soy flour bread,40,,,,15
"Soy Joy Fruit & Soy Bar®, Apple",19,,,,25
"Soy Joy Fruit & Soy Bar®, Apricot",27,,,,25
"Soy Joy Fruit & Soy Bar®, Chocolate Orange",41,,,,25
"Soy Joy Fruit & Soy Bar®, Mango Coconut",28,,,,25
"Soy Joy Fruit & Soy Bar®, Plum + Fe",25,,,,25
"Soy Joy Fruit & Soy Bar®, Plum + Folic acid",27,,,,25
"Soy Joy Fruit & Soy Bar®, Raisin Almond",28,,,,25
"Soy Joy Fruit & Soy Bar®, Sanzashi",29,,,,25
"Soy Joy Fruit & Soy Bar®, Strawberry",33,,,,25
"Soy milk beverage, Original flavored, President's Choice® Blue Menu™",15,,,,20
"Soy milk, full-fat (3%), 120 mg calcium, Calciforte",41,,,,20
"Soy milk, full-fat (3%), Calciforte, 120 mg calcium, with maltodextrin",36,,,,20
"Soy milk, full-fat (3%), Original, 0 mg calcium, with maltodextrin",44,,,,20
"Soy milk, full-fat, with sucrose",31,,,,20
"Soy milk, low-fat (0.7%), Vitasoy® Light Original",45,,,,20
"Soy milk, reduced-fat (1.5%), 120 mg calcium, Light, containing maltodextrin",44,,,,20
"Soy milk, reduced-fat (1.5%), Vitasoy® Lush, Chocolate",31,,,,20
"Soy milk, reduced-fat (1.5%), Vitasoy® Lush, Vanilla",31,,,,20
"Soy milk, reduced-fat (1.5%), Vitasoy® So Milky Lite",17,,,,20
"Soy milk, reduced-fat (1.8%), 120 mg calcium, Vitasoy® Premium Vitality+",18,,,,20
"Soy milk, Vitasoy® Organic",43,,,,20
"Soy milk, Vitasoy® So Milky Regular",21,,,,20
"Soy yoghurt, peach and mango, 2% fat, sugar",50,,,,20
"Soy-Lin, kibbled soy (8%) and linseed (8%) loaf, Bürgen™",36,,,,15
"Soy-Lin™ Muesli, Bürgen®",51,,,,20
"Soya beans, canned #",14,,,,15
"Soya beans, canned in brine, drained, Edgell's™ brand (Simplot Australia, Australia) #",14,,,,15
"Soya beans, dried, boiled #",20,,,,15
"Soya beans, dried, boiled in water with 2 g salt #",15,,,,15
SOYJOY® Almond Chocolate #,20,,,,25
SOYJOY® Banana #,37,,,,25
"SOYJOY® bar, Raisin Almond (Otsuka Pharmaceutical Co. Ltd, Tokyo, Japan), made from whole soy powder #",22,,,,25
SOYJOY® Crispy Vanilla #,30,,,,25
SOYJOY® Crispy White Chocolate Macadamia #,36,,,,25
SOYJOY® Raisin Almond #,7,,,,25
SOYJOY® Strawberry #,26,,,,25
"Soytana™, Vogel’s, soy and linseed bran crunch with sultanas, 20.1 g fiber/100 g",49,,,,20
"Split peas, yellow, boiled 20 min (Nupack, Mississauga, Canada)18 #",32,,,,15
"Split peas, yellow, dried, soaked overnight, boiled 55 min #",25,,,,15
"Sprouted wheat bread, Sprouted 3 Grains bread",55,,,,15
Standard 1.0 Chocolate nutrition formula,31,,,,30
Standard 1.0 Vanilla nutrition formula,26,,,,30
"Strawberries, fresh, raw",40,,,,15
"Strawberry & wildberry dried fruit leather, Sunripe School Straps",40,,,,25
"Strawberry 100% Pure Fruit spread, no added sugar",29,,,,15
"Strawberry Fruit Bar, Kettle Valley",32,,,,25
"Strawberry Fruit Bar, Kettle Valley",34,,,,25
"Strawberry Fruit Bar, Kettle Valley",35,,,,25
"Strawberry Fruit Bar, Kettle Valley",31,,,,25
"Strawberry Fruit Bar, Kettle Valley",35,,,,25
"Strawberry Fruit Bar, Kettle Valley",31,,,,25
"Strawberry Fruit Bar, Kettle Valley",36,,,,25
"Strawberry Fruit Bar, Kettle Valley",30,,,,25
Strawberry fruit leather,29,,,,25
Strawberry jam,51,,,,15
"Strawberry jam, containing apple juice #",47,,,,15
"Strawberry jam, containing sugar #",51,,,,15
"Strawberry, 2.3% fat, prepared from commercial mousse mix with water",32,,,,20
"Strawberry100% Fruit Spread, Cottees™ brand \",46,,,,15
Stringy Bark honey (52% fructose),44,,,,5
"Sucromalt, blend of sucrose and corn syrup",49,,,,5
"Sucrose (Cargill, Belgium) #",48,,,,5
"Sugar honey, non-floral, bees feed sugar solution 2:1 sugar in water #",36,,,,5
"Sugar, from organic fruits (Dolcedì, zucchero da frutta biologica)",23,,,,5
"SUITENA™ sweetener (Fiatec Biosystem Sdn Bhd, Malaysia), containing erythritol, xylitol and stevia #",8,,,,2.5
Sultanas,51,,,,15
"Sultanas, red #",49,,,,15
"Sunflower Seeds & Oats cracker, Ryvita®",48,,,,15
"SuperJuice Greenzone, containing apple, orange and pineapple juice",47,,,,15
"SuperJuice Immune, containing apple juice, pineapple juice and guava puree",47,,,,15
"SuperJuice Kickstart, containing apple juice, blueberry puree and banana puree",39,,,,15
"Sustagen® Diabetic Ready To Drink, Vanilla",30,,,,30
"Sustagen® Diabetic, Vanilla, prepared with water",34,,,,30
"Sustagen® Hospital with extra fiber, drink made from powdered mix, prepared with water",33,,,,30
"Sustagen® Instant Pudding, vanilla, made from powdered mix, prepared with water",27,,,,30
"Sustagen® Sport Chocolate, prepared with water",36,,,,25
"Sustagen® Sport Vanilla, prepared with water",37,,,,25
"Sustagen™, Dutch Chocolate",31,,,,30
Sweet biscuit,47,,,,20
"Sweet corn, 'Honey & Pearl' variety #",37,,,,20
"Sweet corn, cooked #",52,,,,20
"Sweet corn, cooked in microwave for 1.5 min",51,,,,20
"Sweet corn, frozen, reheated in microwave (Green Giant Pillsbury Ltd., Toronto, Canada) #",48,,,,20
"Sweet corn, on the cob, boiled 20 min #",48,,,,20
"Sweet corn, whole kernel, canned, diet-pack, drained (Featherweight, USA) #",47,,,,20
"Sweet potato (Ipomoea batatas), boiled #",44,,,,20
"Sweet potato (Ipomoea batatas), Clarendon cultivar, peeled, cut into 25 mm slices, boiled in water for 20 min",46,,,,20
"Sweet potato (Ipomoea batatas), Dor cultivar, peeled, cut into 25 mm slices, boiled in water for 20 min",47,,,,20
"Sweet potato (Ipomoea batatas), Eustace cultivar, peeled, cut into 25 mm slices, boiled in water for 20 min",49,,,,20
"Sweet potato (Ipomoea batatas), Fire on Land cultivar, peeled, cut into 25 mm slices, boiled in water for 20 min",46,,,,20
"Sweet potato (Ipomoea batatas), Ganja cultivar, peeled, cut into 25 mm slices, boiled in water for 20 min",41,,,,20
"Sweet potato (Ipomoea batatas), Minda cultivar, peeled, cut into 25 mm slices, boiled in water for 20 min",49,,,,20
"Sweet potato (Ipomoea batatas), Ms Mac cultivar, peeled, cut into 25 mm slices, boiled in water for 20 min",45,,,,20
"Sweet potato (Ipomoea batatas), NS, peeled, cubed, boiled 30 min",46,,,,20
"Sweet potato (Ipomoea batatas), Quarter Million cultivar, peeled, cut into 25 mm slices, boiled in water for 20 min",49,,,,20
"Sweet potato (Ipomoea batatas), Watson cultivar, peeled, cut into 25 mm slices, boiled in water for 20 min",43,,,,20
"Sweet potato (Ipomoea batatas), Yellow Belly cultivar, peeled, cut into 25 mm slices, boiled in water for 20 min",50,,,,20
"Sweet potato crisps, Red Rock Deli™",41,,,,25
"Sweet potato lattices, processed sweet potato product, baked at 210°C for 18 min",51,,,,20
"Sweet potato, boiled in water with 2 g salt #",48,,,,20
Sweet strawberry fruit leather,33,,,,25
"Sweet strawberry fruit leather, tested with coffee or tea",22,,,,25
"Sweet strawberry fruit leather, tested with water",25,,,,25
Sweetmeal biscuit,39,,,,20
Sweetmeal biscuit,42,,,,20
"T-Diet Plus® Diabet NP (Vegenat S.A., Spain) #",27,,,,30
"Tagatose sugar replacement, Gaio® (Arla Foods, Germany) #",3,,,,2.5
"Tannia, peeled, boiled 30 min, crushed, refrigerated, reheated for 1 min #",52,,,,20
"Tannia, peeled, boiled 30 min, uncrushed (whole), refrigerated, reheated for 1 min #",50,,,,20
Tapion™ nutritional supplement,27,,,,30
"Tarhana soup (wheat flour, yoghurt, tomato, green pepper) #",20,,,,35
"Tarhana soup, traditional Turkish soup with wheat flour, yoghurt, tomato, peppers #",20,,,,20
"Taro, cooked #",48,,,,20
"Thorpedo® Advanced Hydration for Kids, all flavors",11,,,,25
"Thorpedo® Ultra Low GI Energy Water, all flavors",16,,,,25
Thé,41,,,,20
"Tomato & Herb, President's Choice® Blue Menu™ Soupreme",47,,,,20
"Tomato (Solanum lycopersicum), raw #",23,,,,15
"Tomato and vegetable pasta sauce, commercially-prepared",23,,,,20
"Tomato juice, canned, no added sugar",38,,,,15
"Tomato juice, low sodium, President's Choice® Blue Menu™",23,,,,15
"Tomato juice, no added sugar (Campbell's Soup Company, Camden, USA) #",33,,,,10
"Tomato sauce, with extra cheese (Pasta Bake, Dolmio)",35,,,,20
Tomato soup #,38,,,,20
"Tomato soup, condensed, prepared with water",52,,,,20
"Tony Ferguson's Meal Replacement Shake, all flavors, prepared with water",22,,,,20
"Trim bar, Chocorama",31,,,,25
"Trim bar, Mocha flavor",25,,,,25
Tropical dried fruit snack,41,,,,25
"Turkish bread, wholemeal #",49,,,,15
"Ultra-bran™, Vogel's, soy and linseed extruded wheat bran cereal, 30.2 g fiber/100 g",41,,,,20
"Uncle Toby’s® Breakfast Bakes, Apple and Cinnamon",45,,,,20
"Uncle Toby’s® Breakfast Bakes, Classic Peanut Butter",47,,,,20
"Uncle Toby’s® Breakfast Bakes, Honey Almond",50,,,,20
"Uncle Toby’s® Breakfast Bakes, Vanilla & Roasted Cashew",44,,,,20
"Uncle Toby’s® Milk and Oats, Chocolate cereal bar",48,,,,20
"Uncle Toby’s® Milk and Oats, Strawberry cereal bar",50,,,,20
"Uncle Toby’s® Milk and Oats, Vanilla cereal bar",46,,,,20
"Uppuma kedgeree (millet, legumes, fenugreek seeds; roasted and cooked in water) #",18,,,,35
"Uppuma kedgeree (millet, legumes, fenugreek seeds; roasted and cooked in water) #",19,,,,35
"V8® 100% vegetable juice (Campbell's Soup Company, USA) #",43,,,,10
"Vanilla drink with fiber, Build-Up™ nutrient-fortified drink",41,,,,25
"Vanilla frozen yoghurt, President's Choice® Blue Menu™ brand",46,,,,20
"Vegetable Mash, Harvest Veggies with Pasta puree, commercial, for ages 7 – 9 months, Heinz™ Mum’s Recipe",46,,,,10
"Vegetable Mash, Heinz™ Organic Golden commercial, containing pumpkin and sweet potato puree, for aged 4 – 6 months",43,,,,10
"Vegetarian Chili Instant soup, low-fat, President's Choice® Blue Menu™ (Loblaw Brands Limited, Canada)",36,,,,20
"Vitari, frozen fruit dessert, non-dairy (Nestlé, Australia) #",28,,,,15
Vogel’s Cluster Crunch Classic,50,,,,20
"Vogel’s Cluster Crunch, Honey Hazelnut",43,,,,20
Véritable Petit Beurre,51,,,,20
Wasabi peas,41,,,,25
"Watermelon (Citrullus lanatus), raw, red-fleshed, seeded",48,,,,15
"Watermelon (Citrullus lanatus), raw, red-fleshed, seedless",51,,,,15
"Watermelon (Citrullus lanatus), raw, red-fleshed, seedless, blended using an automatic juicer to form a juice",51,,,,15
"Watermelon (Citrullus lanatus), raw, yellow-fleshed, seedless",47,,,,15
"Watermelon (Citrullus vulgaris), raw #",50,,,,15
"Watermelon, raw (Citrullus vulgaris-red variety)",55,,,,15
Wheat and rye bread (75% wheat flour + 10% rye flour + 15% wheat bran) #,40,,,,15
Wheat bread enriched with resistant starch (high amylose waxy maize starch; 8.8 g/serving),40,,,,15
Wheat bread enriched with ß-glucan (6 g per serving),48,,,,15
"Wheat flake bar, containing fructose and extruded oat bran concentrate (6.5% ß-glucan) #",31,,,,20
"Wheat flakes, enriched with extruded oat-bran concentrate (8.1% ß-glucan) #",37,,,,20
"Wheat flour, raw (2005 from Griffith NSW, Chara, Row10, Plot 6:181), consumed suspended in 250 mL water",22,,,,45
"Wheat flour, raw, consumed suspended in water",20,,,,45
Wheat tortilla #,30,,,,15
Wheat tortilla served with refried pinto beans and tomato sauce #,28,,,,50
"Wheat tortilla, made from wheat white flour #",38,,,,15
"Whey protein, consumed with 19.4 g lactose in water #",31,,,,10
"White and wholemeal bread (ratio 1:1), fermented by sourdough lactobacilli (? pH 1.5) and fiber-enriched with oat fiber #",54,,,,15
White bread (60% of white bread flour was substituted by resistant starch from tapioca),51,,,,15
White bread + 15 g psyllium fiber (Plantago psyllium) #,42,,,,15
White bread containing 24 g whole Salba #,54,,,,15
"White bread containing Eurylon® high-amylose maize starch (65-75% amylose15 (INRA, Nantes, France) #",43,,,,15
White bread roll + 3 mg trestatin (pancreatic alpha-amylase inhibitor) #,48,,,,15
White bread roll + 3 mg trestatin (pancreatic alpha-amylase inhibitor) #,40,,,,15
White bread roll + 6 mg trestatin #,29,,,,15
White bread roll + 6 mg trestatin #,42,,,,15
"White bread with 10 g Sunfibre (Indian cluster guar beans, viscosity 1 (Taiyo Kagaku Co., Ltd, Yokaichi Mie, Japan) #",48,,,,15
"White bread with 15 g Sunfibre (Indian cluster guar beans, viscosity 1 (Taiyo Kagaku Co., Ltd, Yokaichi Mie, Japan) #",37,,,,15
"White bread with 3 g Sunfibre, viscosity 1 (Taiyo Kagaku Co., Ltd, Yokaichi Mie, Japan) #",53,,,,15
"White bread with 5 g Sunfibre (Indian cluster guar beans, viscosity 1 (Taiyo Kagaku Co., Ltd, Yokaichi Mie, Japan) #",50,,,,15
"White bread with 5 g Sunfibre (Indian cluster guar beans, viscosity 2 (Taiyo Kagaku Co., Ltd, Japan) #",39,,,,15
"White bread with 5 g Sunfibre (Indian cluster guar beans, viscosity 2 (Taiyo Kagaku Co., Ltd, Yokaichi Mie, Japan) #",55,,,,15
White bread with added wheatgerm and fiber #,49,,,,15
White bread with coconut oil incorporated into dough #,52,,,,15
White bread with olive oil incorporated into dough #,55,,,,15
"White bread, containing 0.8% Reducose®, lab made",42,,,,15
"White bread, enriched with 12 g Arabinoxylan fiber (soluble fiber), lightly toasted #",42,,,,15
"White bread, gluten free",40,,,,15
"White bread, homemade, frozen, defrosted and toasted #",54,,,,15
"White bread, low GI, high fiber, Tip Top™ EnerGI",54,,,,15
"White bread, prepared with a 10 min prove and a second 2 min proving (low loaf volume)",38,,,,15
"White bread, toasted",50,,,,15
"White rice, NS, boiled #",17,,,,45
"White sandwich bread, low GI, high fiber, Bakers Delight™ Hi Fibre Lo GI",52,,,,15
"White sandwich bread, Low GI, high fiber, Low GI Wonder Active",52,,,,15
"White sandwich bread, low GI, high fiber, Vogel's Wonder White 'Low GI'",54,,,,15
"White sourdough bread, gluten free, sliced",52,,,,15
White wheat bread,51,,,,15
"White wheat bread, enriched with guar gum (15% dry weight basis) #",32,,,,15
"Whole Grain Tortilla, Old El Paso™",50,,,,15
Whole-grain protein cereal,49,,,,20
Whole-wheat bread with dried fruit,47,,,,15
Wholegrain crackers with sesame seeds and rosemary,53,,,,15
"Wholegrain pumpernickel (Holtzheuser Brothers Ltd., Toronto, Canada) #",47,,,,15
"Wholegrain, Ploughman's™ original recipe (Quality Bakers, Australia) #",48,,,,15
"Wholemeal & Seeds bread, Bürgen™",39,,,,15
"Wholemeal and white flour wrap with chia seeds, Mission brand",50,,,,15
"Wholemeal barley bread, flat, thin, soft (20% regular barley flour, 80% high-fiber barley flour) #",43,,,,15
"Wholemeal barley bread, flat, thin, soft (50% regular barley flour, 50% high-fiber barley flour) #",50,,,,15
"Wholemeal barley flour bread, 80% wholemeal barley flour and 20% white wheat flour with sourdough (lactic acid) #",54,,,,15
"Wholemeal Country Grain bread, Bakers Delight™",53,,,,15
Wholemeal rye bread #,42,,,,15
"Wholemeal rye bread (75% rye flour with 25% cracked rye grains) (Schilstad bread, Aarhus, Denmark) #",55,,,,15
"Wholemeal rye bread (75% rye flour with 25% cracked rye grains), with dried figs (Schilstad bread, Aarhus, Denmark) #",54,,,,15
Wholemeal rye bread with intact grains and sunflower seeds,55,,,,15
"Wholemeal sliced bread, High fibre Performax™",38,,,,15
Wholewheat crackers with pumpkin and thyme,36,,,,15
"Wholewheat sticks, crunchy, yeast extract flavored",50,,,,15
Wild berry dried fruit snack,35,,,,25
Wild Oats Cluster Crunch Hazelnut Chocolate,43,,,,20
"Winter Squash, President's Choice® Blue Menu™ Soupreme",41,,,,20
Xylose Sugar (90% sucrose + 10% D-Xylose),52,,,,5
"Yakult® Light, fermented milk drink with Lactobacillus casei",36,,,,25
"Yam (Chinese sweet potato; Ipomoea batatas L. Lam), skin peeled, cut into 5 cm cubes, steamed by rice cooker",37,,,,20
"Yam, boiled in water with 2 g salt #",51,,,,20
"Yam, peeled, boiled",35,,,,20
"Yam, peeled, boiled #",25,,,,20
"Yam, steamed",51,,,,20
Yapunya honey (42 % fructose),52,,,,5
Yellow box honey (46% fructose),35,,,,5
"Yellow peas, boiled #",43,,,,15
Yellow teparies broth (Phaseolus acutifolius) #,29,,,,35
"Yellow yam (Dioscorea cayenensis-rotundata), Kponan variety, peeled, cut into 18 mm slices, cooked at 210oC for 20 min #",51,,,,20
"Yoghurt drink, reduced-fat, tropical passionfruit",38,,,,20
"Yoghurt drink, Wildberry Yoghurt on the Go",19,,,,50
"Yoghurt, black cherry",17,,,,20
"Yoghurt, champagne rhubarb (Finest, UK) #",49,,,,20
"Yoghurt, Devonshire fudge",37,,,,20
"Yoghurt, Greek style, honey topped (UK)",36,,,,20
"Yoghurt, Jalna Bush Honey Bio Dynamic (Jalna Dairy Foods, VIC, Australia) #",26,,,,20
"Yoghurt, Jalna Premium Creamy Vanilla",18,,,,20
"Yoghurt, low fat, natural",35,,,,20
"Yoghurt, low-fat, fruit, sugar, Ski™ (Dairy Farmers, Australia) #",33,,,,20
"Yoghurt, low-fat, toffee #",51,,,,20
"Yoghurt, NS #",36,,,,20
"Yoghurt, orange blossom (Finest, UK) #",42,,,,20
"Yoghurt, peach & apricot",28,,,,20
"Yoghurt, probiotic, prune",44,,,,20
"Yoghurt, probiotic, raspberry",45,,,,20
"Yoghurt, probiotic, strawberry #",52,,,,20
"Yoghurt, raspberry",43,,,,20
"Yoghurt, red fruit: Morello cherry",35,,,,20
"Yoghurt, red fruit: raspberry and black cherry",37,,,,20
"Yoghurt, red fruit: raspberry and cranberry (Healthy Living Light, UK) #",42,,,,20
"Yoghurt, reduced-fat, strawberry #",38,,,,20
"Yoghurt, Scottish raspberry",32,,,,20
"Yoghurt, strawberry",30,,,,20
"Yoghurt, strawberry",44,,,,20
"Yoghurt, Strawberry #",38,,,,20
"Yoghurt, Strawberry #",51,,,,20
"Yoghurt, Strawberry (Healthy Living Light, UK) #",45,,,,20
"Yoghurt, strawberry and cream",41,,,,20
"Yoghurt, summer fruit: apricot",11,,,,20
"Yoghurt, summer fruit: peach and vanilla",26,,,,20
"Yoghurt, summer fruit: raspberry",28,,,,20
"Yoghurt, summer fruit: strawberry",36,,,,20
"Yoghurt, toffee (Healthy Living Light, UK) #",41,,,,20
"Yoghurt, tropical fruit: guava and passionfruit",24,,,,20
"Yoghurt, tropical fruit: mango",32,,,,20
"Yoghurt, tropical fruit: peach and apricot",27,,,,20
"Yoghurt, tropical pineapple",38,,,,20
"Yoghurt, Valencia orange",34,,,,20
"Yoghurt, vanilla (Healthy Living Light, UK) #",47,,,,20
"Yoghurt, Yitangping",21,,,,20
"Yoghurt, Yitangping",21,,,,25
"Youghurt, low-fat, fruit, aspartame, Ski™ (Dairy Farmers, Australia) #",14,,,,20
ZANHUO/ManaGI Egg Yolk Pastry,28,,,,30
ZANHUO/ManaGI Matcha Crispbread,53,,,,15
ZANHUO/ManaGI Milky Crispbread,53,,,,15
ZANHUO/ManaGI Oat Bread (Americano Flavor),42,,,,15
ZANHUO/ManaGI Oat Bread (Original Flavor),52,,,,15
"Zùsto® sweetener (Zùsto, NV), containing polydextrose, erythritol, inulin, fructo-oligosaccharides, maltodextrins, isomaltulose and sucralose #",22,,,,2.5
